country,year,child_death,gdp_p_cap,life_expect,economic_region
Afghanistan,2000,129.0,1070.0,54.7,LMIC
Angola,2000,206.0,4270.0,52.8,UMIC
Albania,2000,25.9,5840.0,75.4,HIC
Andorra,2000,6.41,47000.0,80.8,HIC
UAE,2000,11.2,92000.0,69.1,HIC
Argentina,2000,19.6,18200.0,74.2,HIC
Armenia,2000,30.8,4150.0,72.4,HIC
Antigua and Barbuda,2000,15.8,20400.0,74.8,HIC
Australia,2000,6.19,39000.0,79.7,HIC
Austria,2000,5.5,45700.0,78.5,HIC
Azerbaijan,2000,75.0,4110.0,66.5,HIC
Burundi,2000,156.0,839.0,44.7,LIC
Belgium,2000,5.81,42100.0,78.0,HIC
Benin,2000,139.0,2390.0,57.4,LMIC
Burkina Faso,2000,179.0,1290.0,52.5,LMIC
Bangladesh,2000,87.3,2180.0,65.5,UMIC
Bulgaria,2000,17.5,10400.0,70.2,HIC
Bahrain,2000,12.5,40800.0,71.7,HIC
Bahamas,2000,15.7,36500.0,71.3,HIC
Bosnia and Herzegovina,2000,9.84,7000.0,75.5,HIC
Belarus,2000,12.8,8360.0,69.0,HIC
Belize,2000,23.6,8500.0,70.0,UMIC
Bolivia,2000,75.3,5230.0,66.5,UMIC
Brazil,2000,34.8,11500.0,71.2,HIC
Barbados,2000,15.2,15200.0,74.7,HIC
Brunei,2000,10.3,72000.0,72.5,HIC
Bhutan,2000,77.7,4270.0,65.7,UMIC
Botswana,2000,86.9,11100.0,45.5,HIC
Central African Republic,2000,172.0,1020.0,43.8,LIC
Canada,2000,6.21,41400.0,79.4,HIC
Switzerland,2000,5.64,57000.0,80.3,HIC
Chile,2000,10.9,15700.0,76.9,HIC
China,2000,36.8,3680.0,71.3,HIC
Cote d'Ivoire,2000,145.0,3910.0,51.1,UMIC
Cameroon,2000,149.0,2830.0,54.5,LMIC
"Congo, Dem. Rep.",2000,161.0,685.0,53.9,LMIC
"Congo, Rep.",2000,114.0,4010.0,53.0,LMIC
Colombia,2000,25.0,9230.0,74.2,HIC
Comoros,2000,102.0,2580.0,61.4,LMIC
Cape Verde,2000,35.6,4320.0,70.3,UMIC
Costa Rica,2000,13.0,12300.0,77.9,HIC
Cuba,2000,8.55,4590.0,77.0,UMIC
Cyprus,2000,6.62,30700.0,76.7,HIC
Czech Republic,2000,5.46,24100.0,75.2,HIC
Germany,2000,5.36,42100.0,78.4,HIC
Djibouti,2000,101.0,2610.0,60.4,UMIC
Dominica,2000,14.8,9220.0,72.1,UMIC
Denmark,2000,5.5,47700.0,77.2,HIC
Dominican Republic,2000,40.9,9020.0,73.7,HIC
Algeria,2000,39.7,8580.0,71.0,UMIC
Ecuador,2000,29.0,7390.0,74.5,UMIC
Egypt,2000,46.8,7820.0,68.5,UMIC
Eritrea,2000,85.5,1870.0,54.8,LMIC
Spain,2000,5.44,33900.0,79.5,HIC
Estonia,2000,10.9,18100.0,71.0,HIC
Ethiopia,2000,142.0,741.0,51.1,LMIC
Finland,2000,4.27,39600.0,78.0,HIC
Fiji,2000,22.7,9050.0,65.8,UMIC
France,2000,5.37,39600.0,79.2,HIC
"Micronesia, Fed. Sts.",2000,53.5,3170.0,62.6,LMIC
Gabon,2000,84.7,15400.0,59.6,HIC
UK,2000,6.54,37900.0,78.0,HIC
Georgia,2000,36.8,4790.0,70.7,HIC
Ghana,2000,99.5,2710.0,59.6,UMIC
Guinea,2000,166.0,1610.0,54.3,LMIC
Gambia,2000,115.0,2000.0,61.6,LMIC
Guinea-Bissau,2000,175.0,1450.0,51.5,LMIC
Equatorial Guinea,2000,157.0,10400.0,57.6,UMIC
Greece,2000,6.41,28300.0,78.4,HIC
Grenada,2000,15.6,11100.0,72.0,HIC
Guatemala,2000,51.7,6530.0,66.7,UMIC
Guyana,2000,46.6,7260.0,64.0,HIC
"Hong Kong, China",2000,4.15,36500.0,80.8,HIC
Honduras,2000,37.1,4030.0,70.1,UMIC
Croatia,2000,8.31,17700.0,74.7,HIC
Haiti,2000,103.0,2770.0,57.4,LMIC
Hungary,2000,10.2,18700.0,71.9,HIC
Indonesia,2000,52.4,5700.0,67.2,UMIC
India,2000,91.6,2630.0,62.9,UMIC
Ireland,2000,7.15,47100.0,76.8,HIC
Iran,2000,34.3,10900.0,71.9,HIC
Iraq,2000,44.3,7900.0,68.6,UMIC
Iceland,2000,4.05,40600.0,80.3,HIC
Israel,2000,6.89,30400.0,78.9,HIC
Italy,2000,5.56,41800.0,79.6,HIC
Jamaica,2000,22.3,9180.0,74.6,UMIC
Jordan,2000,27.0,8700.0,72.9,UMIC
Japan,2000,4.5,36400.0,81.6,HIC
Kazakhstan,2000,42.8,10400.0,64.7,HIC
Kenya,2000,106.0,3120.0,54.8,UMIC
Kyrgyz Republic,2000,49.5,3180.0,67.2,UMIC
Cambodia,2000,107.0,1540.0,60.4,UMIC
Kiribati,2000,71.4,1710.0,56.4,LMIC
St. Kitts and Nevis,2000,23.3,20500.0,69.9,HIC
South Korea,2000,7.48,23400.0,76.3,HIC
Kuwait,2000,12.3,52500.0,78.1,HIC
Lao,2000,107.0,2770.0,58.4,UMIC
Lebanon,2000,19.9,12000.0,74.8,UMIC
Liberia,2000,187.0,1620.0,54.8,LMIC
Libya,2000,28.1,20300.0,74.9,HIC
St. Lucia,2000,18.0,12000.0,73.4,HIC
Sri Lanka,2000,16.5,6190.0,71.5,UMIC
Lesotho,2000,118.0,1820.0,48.5,LMIC
Lithuania,2000,10.7,13600.0,72.2,HIC
Luxembourg,2000,4.8,89900.0,78.0,HIC
Latvia,2000,14.2,13100.0,70.7,HIC
Morocco,2000,49.4,4860.0,69.5,UMIC
Monaco,2000,5.16,144000.0,78.8,HIC
Moldova,2000,31.3,4710.0,68.9,UMIC
Madagascar,2000,107.0,1550.0,59.5,LMIC
Maldives,2000,39.2,13200.0,72.2,HIC
Mexico,2000,26.4,18200.0,74.2,HIC
Marshall Islands,2000,40.7,3230.0,62.7,UMIC
North Macedonia,2000,15.8,9070.0,71.5,HIC
Mali,2000,188.0,1540.0,53.3,LMIC
Malta,2000,7.59,26300.0,78.8,HIC
Myanmar,2000,89.1,1170.0,58.9,LMIC
Montenegro,2000,14.2,11400.0,73.7,HIC
Mongolia,2000,63.7,4250.0,61.0,UMIC
Mozambique,2000,171.0,624.0,52.2,LMIC
Mauritania,2000,114.0,3920.0,63.6,UMIC
Mauritius,2000,18.6,12800.0,72.3,HIC
Malawi,2000,173.0,1120.0,45.9,LMIC
Malaysia,2000,10.2,16000.0,73.0,HIC
Namibia,2000,77.1,6730.0,53.9,UMIC
Niger,2000,226.0,892.0,51.9,LMIC
Nigeria,2000,185.0,2880.0,54.6,UMIC
Nicaragua,2000,36.6,3830.0,73.7,UMIC
Netherlands,2000,6.19,46300.0,78.3,HIC
Norway,2000,4.85,58100.0,78.9,HIC
Nepal,2000,81.1,2010.0,65.4,LMIC
Nauru,2000,41.6,6300.0,59.1,UMIC
New Zealand,2000,7.39,32600.0,78.4,HIC
Oman,2000,16.5,35800.0,69.1,HIC
Pakistan,2000,112.0,3380.0,61.0,UMIC
Panama,2000,25.9,14600.0,78.0,HIC
Peru,2000,38.6,6460.0,74.6,UMIC
Philippines,2000,37.8,4480.0,70.3,UMIC
Palau,2000,28.8,13300.0,66.4,HIC
Papua New Guinea,2000,72.4,3060.0,63.1,LMIC
Poland,2000,9.31,15900.0,73.9,HIC
North Korea,2000,60.0,1900.0,63.9,LMIC
Portugal,2000,7.2,29900.0,76.8,HIC
Paraguay,2000,33.8,8300.0,75.6,HIC
Palestine,2000,30.1,4710.0,70.2,UMIC
Qatar,2000,12.4,74800.0,71.2,HIC
Romania,2000,21.9,11500.0,71.2,HIC
Russia,2000,19.3,14300.0,65.6,HIC
Rwanda,2000,183.0,890.0,50.5,LMIC
Saudi Arabia,2000,22.2,37400.0,70.4,HIC
Sudan,2000,104.0,3710.0,63.3,LMIC
Senegal,2000,131.0,2570.0,60.6,LMIC
Singapore,2000,3.86,53600.0,79.4,HIC
Solomon Islands,2000,30.4,2060.0,57.0,LMIC
Sierra Leone,2000,234.0,1030.0,51.6,LMIC
El Salvador,2000,32.9,6420.0,73.1,UMIC
San Marino,2000,6.07,77300.0,81.5,HIC
Somalia,2000,172.0,691.0,51.4,LIC
Serbia,2000,12.7,8580.0,71.4,HIC
South Sudan,2000,183.0,1020.0,57.0,LIC
Sao Tome and Principe,2000,84.6,2710.0,65.0,LMIC
Suriname,2000,34.4,12600.0,69.8,HIC
Slovak Republic,2000,9.78,15700.0,73.7,HIC
Slovenia,2000,5.51,26000.0,76.3,HIC
Sweden,2000,4.1,40200.0,80.0,HIC
Eswatini,2000,126.0,5350.0,48.3,UMIC
Seychelles,2000,13.7,18600.0,72.2,HIC
Syria,2000,23.5,6280.0,71.6,LMIC
Chad,2000,186.0,894.0,52.3,LMIC
Togo,2000,120.0,1670.0,56.4,LMIC
Thailand,2000,21.9,9950.0,71.8,HIC
Tajikistan,2000,83.9,1390.0,66.6,UMIC
Turkmenistan,2000,81.0,4530.0,66.3,HIC
Timor-Leste,2000,108.0,2480.0,65.5,LMIC
Tonga,2000,17.6,4870.0,70.7,UMIC
Trinidad and Tobago,2000,28.7,17100.0,70.5,HIC
Tunisia,2000,30.0,7780.0,74.3,UMIC
Turkey,2000,37.9,14900.0,74.7,HIC
Tuvalu,2000,41.2,3490.0,61.5,UMIC
Taiwan,2000,8.55,28300.0,76.9,HIC
Tanzania,2000,130.0,1360.0,53.4,LMIC
Uganda,2000,148.0,1260.0,49.6,LMIC
Ukraine,2000,18.4,7250.0,68.0,UMIC
Uruguay,2000,17.0,14900.0,74.8,HIC
USA,2000,8.45,49800.0,77.0,HIC
Uzbekistan,2000,62.9,3230.0,65.1,UMIC
St. Vincent and the Grenadines,2000,22.6,8700.0,71.1,HIC
Venezuela,2000,21.6,16000.0,74.2,UMIC
Vietnam,2000,29.9,3610.0,72.2,UMIC
Vanuatu,2000,28.8,3050.0,63.6,LMIC
Samoa,2000,21.1,4280.0,68.5,UMIC
Yemen,2000,94.9,3880.0,63.5,LMIC
South Africa,2000,73.9,10300.0,55.6,UMIC
Zambia,2000,162.0,2000.0,45.3,LMIC
Zimbabwe,2000,105.0,2720.0,47.5,LMIC
Afghanistan,2001,125.0,979.0,54.8,LMIC
Angola,2001,200.0,4380.0,53.4,UMIC
Albania,2001,24.5,6390.0,76.0,HIC
Andorra,2001,6.16,47400.0,80.9,HIC
UAE,2001,10.9,90100.0,69.2,HIC
Argentina,2001,18.9,17200.0,74.3,HIC
Armenia,2001,29.3,4550.0,72.5,HIC
Antigua and Barbuda,2001,15.1,19100.0,75.1,HIC
Australia,2001,6.08,39300.0,80.1,HIC
Austria,2001,5.41,46200.0,78.9,HIC
Azerbaijan,2001,69.8,4450.0,67.1,HIC
Burundi,2001,151.0,834.0,45.8,LIC
Belgium,2001,5.59,42500.0,78.3,HIC
Benin,2001,136.0,2450.0,57.6,LMIC
Burkina Faso,2001,175.0,1330.0,52.9,LMIC
Bangladesh,2001,82.7,2260.0,66.0,UMIC
Bulgaria,2001,16.8,11000.0,70.4,HIC
Bahrain,2001,12.0,41600.0,73.4,HIC
Bahamas,2001,15.5,36900.0,71.3,HIC
Bosnia and Herzegovina,2001,9.52,7110.0,75.3,HIC
Belarus,2001,11.8,8750.0,68.6,HIC
Belize,2001,22.9,8660.0,70.6,UMIC
Bolivia,2001,71.0,5230.0,67.2,UMIC
Brazil,2001,32.6,11500.0,71.5,HIC
Barbados,2001,15.4,14800.0,75.2,HIC
Brunei,2001,10.1,72200.0,72.8,HIC
Bhutan,2001,73.5,4480.0,67.1,UMIC
Botswana,2001,86.3,11000.0,45.0,HIC
Central African Republic,2001,171.0,1040.0,43.9,LIC
Canada,2001,6.17,41700.0,79.6,HIC
Switzerland,2001,5.55,57800.0,80.6,HIC
Chile,2001,10.3,16000.0,77.0,HIC
China,2001,34.2,3920.0,71.7,HIC
Cote d'Ivoire,2001,142.0,3770.0,51.5,UMIC
Cameroon,2001,146.0,2900.0,54.3,LMIC
"Congo, Dem. Rep.",2001,156.0,657.0,54.2,LMIC
"Congo, Rep.",2001,111.0,4010.0,54.0,LMIC
Colombia,2001,24.2,9230.0,74.4,HIC
Comoros,2001,102.0,2620.0,62.2,LMIC
Cape Verde,2001,32.0,4370.0,70.6,UMIC
Costa Rica,2001,12.2,12500.0,77.9,HIC
Cuba,2001,8.23,4840.0,77.2,UMIC
Cyprus,2001,6.22,31700.0,77.1,HIC
Czech Republic,2001,5.18,25100.0,75.5,HIC
Germany,2001,5.22,42800.0,78.7,HIC
Djibouti,2001,99.1,2610.0,60.5,UMIC
Dominica,2001,14.7,9310.0,72.2,UMIC
Denmark,2001,5.39,48000.0,77.3,HIC
Dominican Republic,2001,39.8,9140.0,73.8,HIC
Algeria,2001,38.9,8780.0,71.3,UMIC
Ecuador,2001,27.4,7570.0,75.0,UMIC
Egypt,2001,44.1,7970.0,68.3,UMIC
Eritrea,2001,81.3,1950.0,56.1,LMIC
Spain,2001,5.28,35100.0,79.8,HIC
Estonia,2001,10.1,19300.0,70.8,HIC
Ethiopia,2001,136.0,773.0,53.3,LMIC
Finland,2001,4.16,40600.0,78.4,HIC
Fiji,2001,22.5,9170.0,66.2,UMIC
France,2001,5.23,40100.0,79.3,HIC
"Micronesia, Fed. Sts.",2001,52.3,3220.0,63.2,LMIC
Gabon,2001,83.1,15500.0,59.5,HIC
UK,2001,6.44,38700.0,78.3,HIC
Georgia,2001,34.3,5080.0,70.8,HIC
Ghana,2001,95.8,2750.0,59.5,UMIC
Guinea,2001,159.0,1650.0,54.7,LMIC
Gambia,2001,110.0,2060.0,61.7,LMIC
Guinea-Bissau,2001,169.0,1480.0,51.8,LMIC
Equatorial Guinea,2001,152.0,16100.000000000002,58.9,UMIC
Greece,2001,5.98,29400.0,78.7,HIC
Grenada,2001,15.3,10800.0,72.1,HIC
Guatemala,2001,49.6,6520.0,67.2,UMIC
Guyana,2001,45.5,7460.0,63.9,HIC
"Hong Kong, China",2001,3.91,36400.0,81.1,HIC
Honduras,2001,35.5,4030.0,70.2,UMIC
Croatia,2001,8.0,19000.0,74.9,HIC
Haiti,2001,100.0,2730.0,57.8,LMIC
Hungary,2001,9.54,19600.0,72.5,HIC
Indonesia,2001,50.0,5820.0,67.5,UMIC
India,2001,88.0,2700.0,63.3,UMIC
Ireland,2001,6.89,49000.0,77.3,HIC
Iran,2001,32.4,11100.0,72.2,HIC
Iraq,2001,43.4,8020.0,69.0,UMIC
Iceland,2001,3.86,41700.0,80.6,HIC
Israel,2001,6.63,29800.0,79.0,HIC
Italy,2001,5.3,42700.0,79.9,HIC
Jamaica,2001,21.7,9290.0,74.7,UMIC
Jordan,2001,26.3,8990.0,73.0,UMIC
Japan,2001,4.3,36400.0,81.9,HIC
Kazakhstan,2001,40.3,11800.0,64.7,HIC
Kenya,2001,101.0,3160.0,54.9,UMIC
Kyrgyz Republic,2001,47.1,3300.0,67.3,UMIC
Cambodia,2001,97.1,1620.0,60.9,UMIC
Kiribati,2001,69.4,1620.0,56.7,LMIC
St. Kitts and Nevis,2001,22.0,21300.0,70.3,HIC
South Korea,2001,7.09,24300.0,76.9,HIC
Kuwait,2001,12.1,51700.0,79.2,HIC
Lao,2001,103.0,2890.0,59.0,UMIC
Lebanon,2001,18.8,12400.0,75.1,UMIC
Liberia,2001,174.0,1660.0,55.7,LMIC
Libya,2001,27.3,19900.0,75.0,HIC
St. Lucia,2001,17.9,11600.0,73.5,HIC
Sri Lanka,2001,16.0,6030.0,72.6,UMIC
Lesotho,2001,121.0,1870.0,47.3,LMIC
Lithuania,2001,10.3,14600.0,71.7,HIC
Luxembourg,2001,4.56,92200.0,78.4,HIC
Latvia,2001,13.3,14100.0,70.1,HIC
Morocco,2001,47.3,5150.0,69.9,UMIC
Monaco,2001,4.99,148000.0,78.9,HIC
Moldova,2001,28.3,5030.0,69.2,UMIC
Madagascar,2001,102.0,1600.0,60.0,LMIC
Maldives,2001,34.9,12500.0,72.8,HIC
Mexico,2001,25.0,17900.0,74.6,HIC
Marshall Islands,2001,40.6,3430.0,63.0,UMIC
North Macedonia,2001,14.9,8760.0,71.4,HIC
Mali,2001,182.0,1740.0,53.8,LMIC
Malta,2001,7.34,26000.0,79.0,HIC
Myanmar,2001,86.7,1270.0,59.4,LMIC
Montenegro,2001,13.6,11700.0,73.8,HIC
Mongolia,2001,58.9,4380.0,61.3,UMIC
Mozambique,2001,163.0,686.0,52.3,LMIC
Mauritania,2001,113.0,3850.0,64.1,UMIC
Mauritius,2001,17.1,13000.0,72.6,HIC
Malawi,2001,160.0,1040.0,46.3,LMIC
Malaysia,2001,9.48,15700.0,73.3,HIC
Namibia,2001,77.7,6660.0,53.1,UMIC
Niger,2001,217.0,927.0,52.3,LMIC
Nigeria,2001,179.0,3000.0,54.8,UMIC
Nicaragua,2001,34.3,3900.0,73.7,UMIC
Netherlands,2001,6.06,47100.0,78.4,HIC
Norway,2001,4.7,59100.0,79.1,HIC
Nepal,2001,76.5,2070.0,66.1,LMIC
Nauru,2001,40.6,5860.0,58.9,UMIC
New Zealand,2001,7.2,33500.0,78.6,HIC
Oman,2001,15.4,37400.0,69.5,HIC
Pakistan,2001,110.0,3390.0,61.2,UMIC
Panama,2001,25.3,14400.0,78.1,HIC
Peru,2001,35.6,6400.0,75.5,UMIC
Philippines,2001,37.1,4520.0,70.2,UMIC
Palau,2001,28.2,14000.0,66.5,HIC
Papua New Guinea,2001,71.0,2960.0,62.9,LMIC
Poland,2001,8.81,16200.0,74.3,HIC
North Korea,2001,52.1,1950.0,64.0,LMIC
Portugal,2001,6.67,30300.0,77.2,HIC
Paraguay,2001,33.0,8180.0,76.0,HIC
Palestine,2001,29.2,4130.0,69.6,UMIC
Qatar,2001,11.9,75500.0,71.5,HIC
Romania,2001,21.1,12400.0,71.2,HIC
Russia,2001,18.3,15200.0,65.5,HIC
Rwanda,2001,170.0,944.0,51.5,LMIC
Saudi Arabia,2001,20.9,36500.0,70.6,HIC
Sudan,2001,101.0,3890.0,63.7,LMIC
Senegal,2001,125.0,2620.0,61.1,LMIC
Singapore,2001,3.6,51900.0,79.8,HIC
Solomon Islands,2001,30.0,1850.0,56.9,LMIC
Sierra Leone,2001,229.0,939.0,52.2,LMIC
El Salvador,2001,31.1,6470.0,73.0,UMIC
San Marino,2001,5.64,80000.0,81.6,HIC
Somalia,2001,172.0,709.0,51.8,LIC
Serbia,2001,12.2,9230.0,71.9,HIC
South Sudan,2001,174.0,1020.0,57.7,LIC
Sao Tome and Principe,2001,79.8,2750.0,65.5,LMIC
Suriname,2001,33.3,12900.0,69.6,HIC
Slovak Republic,2001,9.43,16200.0,73.9,HIC
Slovenia,2001,5.22,26800.0,76.3,HIC
Sweden,2001,4.05,40700.0,80.2,HIC
Eswatini,2001,130.0,5350.0,46.3,UMIC
Seychelles,2001,13.7,18300.0,72.3,HIC
Syria,2001,22.4,6150.0,72.4,LMIC
Chad,2001,183.0,969.0,52.5,LMIC
Togo,2001,117.0,1640.0,56.3,LMIC
Thailand,2001,20.8,10200.0,72.8,HIC
Tajikistan,2001,77.6,1480.0,66.8,UMIC
Turkmenistan,2001,78.9,5400.0,66.7,HIC
Timor-Leste,2001,103.0,2800.0,65.8,LMIC
Tonga,2001,17.3,5020.0,71.0,UMIC
Trinidad and Tobago,2001,28.6,17600.0,70.6,HIC
Tunisia,2001,28.0,7990.0,74.5,UMIC
Turkey,2001,35.0,13800.0,75.0,HIC
Tuvalu,2001,40.0,3490.0,64.7,UMIC
Taiwan,2001,7.98,27700.0,77.2,HIC
Tanzania,2001,122.0,1410.0,54.0,LMIC
Uganda,2001,141.0,1290.0,50.3,LMIC
Ukraine,2001,17.6,8020.0,68.2,UMIC
Uruguay,2001,16.6,14300.0,75.0,HIC
USA,2001,8.33,49700.0,77.1,HIC
Uzbekistan,2001,60.2,3290.0,65.1,UMIC
St. Vincent and the Grenadines,2001,22.6,8860.0,71.7,HIC
Venezuela,2001,20.9,16300.0,74.1,UMIC
Vietnam,2001,28.6,3810.0,72.4,UMIC
Vanuatu,2001,28.5,2870.0,63.6,LMIC
Samoa,2001,20.4,4540.0,68.6,UMIC
Yemen,2001,90.3,3900.0,64.0,LMIC
South Africa,2001,75.8,10500.0,54.8,UMIC
Zambia,2001,153.0,2060.0,45.2,LMIC
Zimbabwe,2001,104.0,2740.0,47.0,LMIC
Afghanistan,2002,121.0,1230.0,55.5,LMIC
Angola,2002,193.0,4900.0,54.5,UMIC
Albania,2002,23.1,6710.0,75.9,HIC
Andorra,2002,5.93,47700.0,81.1,HIC
UAE,2002,10.6,89200.0,69.4,HIC
Argentina,2002,18.3,15200.0,74.3,HIC
Armenia,2002,27.8,5160.0,72.7,HIC
Antigua and Barbuda,2002,14.4,19000.0,75.4,HIC
Australia,2002,5.99,40400.0,80.3,HIC
Austria,2002,5.31,46900.0,79.0,HIC
Azerbaijan,2002,64.9,4830.0,67.2,HIC
Burundi,2002,145.0,846.0,46.9,LIC
Belgium,2002,5.4,43100.0,78.5,HIC
Benin,2002,133.0,2490.0,57.9,LMIC
Burkina Faso,2002,171.0,1330.0,53.4,LMIC
Bangladesh,2002,78.2,2320.0,66.3,UMIC
Bulgaria,2002,15.9,11900.0,70.7,HIC
Bahrain,2002,11.6,42800.0,72.7,HIC
Bahamas,2002,15.4,37400.0,71.9,HIC
Bosnia and Herzegovina,2002,9.3,7430.0,75.1,HIC
Belarus,2002,10.8,9200.0,68.0,HIC
Belize,2002,22.2,8850.0,71.4,UMIC
Bolivia,2002,67.0,5270.0,67.6,UMIC
Brazil,2002,30.5,11800.0,71.8,HIC
Barbados,2002,15.6,14900.0,75.1,HIC
Brunei,2002,9.82,73200.0,72.9,HIC
Bhutan,2002,69.4,4830.0,67.7,UMIC
Botswana,2002,84.3,11500.0,44.9,HIC
Central African Republic,2002,169.0,1040.0,44.2,LIC
Canada,2002,6.15,42500.0,79.8,HIC
Switzerland,2002,5.44,57600.0,80.9,HIC
Chile,2002,9.8,16300.0,77.4,HIC
China,2002,31.5,4220.0,72.0,HIC
Cote d'Ivoire,2002,138.0,3610.0,51.7,UMIC
Cameroon,2002,142.0,2960.0,54.2,LMIC
"Congo, Dem. Rep.",2002,152.0,662.0,54.4,LMIC
"Congo, Rep.",2002,106.0,4090.0,54.7,LMIC
Colombia,2002,23.5,9310.0,73.4,HIC
Comoros,2002,102.0,2650.0,62.5,LMIC
Cape Verde,2002,29.4,4540.0,70.8,UMIC
Costa Rica,2002,11.6,12700.0,78.4,HIC
Cuba,2002,7.93,5000.0,77.9,UMIC
Cyprus,2002,5.86,32600.0,77.3,HIC
Czech Republic,2002,4.97,25600.0,75.7,HIC
Germany,2002,5.09,42800.0,78.8,HIC
Djibouti,2002,96.5,2640.0,60.6,UMIC
Dominica,2002,14.7,9110.0,72.3,UMIC
Denmark,2002,5.28,48100.0,77.4,HIC
Dominican Republic,2002,38.9,9460.0,73.9,HIC
Algeria,2002,37.8,9180.0,71.8,UMIC
Ecuador,2002,26.0,7800.0,74.1,UMIC
Egypt,2002,41.7,8020.0,68.3,UMIC
Eritrea,2002,77.5,1910.0,56.6,LMIC
Spain,2002,5.14,35600.0,79.9,HIC
Estonia,2002,9.24,20600.0,71.4,HIC
Ethiopia,2002,130.0,763.0,54.2,LMIC
Finland,2002,4.07,41200.0,78.6,HIC
Fiji,2002,22.4,9400.0,66.6,UMIC
France,2002,5.07,40300.0,79.5,HIC
"Micronesia, Fed. Sts.",2002,51.0,3230.0,62.5,LMIC
Gabon,2002,81.3,15100.0,59.8,HIC
UK,2002,6.35,39300.0,78.5,HIC
Georgia,2002,31.7,5390.0,70.4,HIC
Ghana,2002,92.4,2800.0,59.5,UMIC
Guinea,2002,152.0,1720.0,55.1,LMIC
Gambia,2002,106.0,1960.0,61.7,LMIC
Guinea-Bissau,2002,163.0,1490.0,52.1,LMIC
Equatorial Guinea,2002,148.0,18300.0,60.0,UMIC
Greece,2002,5.57,30600.0,78.9,HIC
Grenada,2002,15.0,11200.0,72.1,HIC
Guatemala,2002,47.7,6620.0,67.8,UMIC
Guyana,2002,44.4,7580.0,63.9,HIC
"Hong Kong, China",2002,3.7,36800.0,81.3,HIC
Honduras,2002,33.8,4080.0,70.4,UMIC
Croatia,2002,7.68,20100.0,75.0,HIC
Haiti,2002,96.8,2740.0,58.2,LMIC
Hungary,2002,8.94,20800.0,72.6,HIC
Indonesia,2002,47.8,5990.0,67.7,UMIC
India,2002,84.5,2740.0,63.8,UMIC
Ireland,2002,6.5,51100.0,77.8,HIC
Iran,2002,30.6,11900.0,72.5,HIC
Iraq,2002,42.5,7380.0,69.3,UMIC
Iceland,2002,3.68,41600.0,80.8,HIC
Israel,2002,6.37,29200.0,78.9,HIC
Italy,2002,5.05,42800.0,80.2,HIC
Jamaica,2002,21.2,9460.0,75.5,UMIC
Jordan,2002,25.5,9320.0,73.3,UMIC
Japan,2002,4.13,36300.0,82.2,HIC
Kazakhstan,2002,37.9,13000.0,64.7,HIC
Kenya,2002,95.8,3110.0,55.0,UMIC
Kyrgyz Republic,2002,44.9,3260.0,67.2,UMIC
Cambodia,2002,87.2,1690.0,61.5,UMIC
Kiribati,2002,68.0,1610.0,57.0,LMIC
St. Kitts and Nevis,2002,20.7,21400.0,70.7,HIC
South Korea,2002,6.71,25900.0,77.3,HIC
Kuwait,2002,11.9,52400.0,78.6,HIC
Lao,2002,98.5,3020.0,59.7,UMIC
Lebanon,2002,17.6,12700.0,75.3,UMIC
Liberia,2002,161.0,1720.0,55.4,LMIC
Libya,2002,26.5,19600.0,75.0,HIC
St. Lucia,2002,17.9,11700.0,73.6,HIC
Sri Lanka,2002,15.5,6190.0,73.4,UMIC
Lesotho,2002,122.0,1870.0,46.1,LMIC
Lithuania,2002,9.88,15800.0,72.0,HIC
Luxembourg,2002,4.33,94900.0,78.7,HIC
Latvia,2002,12.6,15200.0,70.5,HIC
Morocco,2002,45.3,5260.0,70.3,UMIC
Monaco,2002,4.85,151000.0,78.9,HIC
Moldova,2002,25.4,5460.0,69.1,UMIC
Madagascar,2002,96.2,1360.0,60.0,LMIC
Maldives,2002,30.9,13200.0,73.7,HIC
Mexico,2002,23.6,17700.0,74.6,HIC
Marshall Islands,2002,40.5,3540.0,63.0,UMIC
North Macedonia,2002,14.5,8950.0,71.5,HIC
Mali,2002,176.0,1740.0,54.3,LMIC
Malta,2002,7.15,26500.0,79.1,HIC
Myanmar,2002,84.3,1400.0,59.8,LMIC
Montenegro,2002,13.0,12000.0,73.9,HIC
Mongolia,2002,54.1,4590.0,61.7,UMIC
Mozambique,2002,154.0,731.0,52.2,LMIC
Mauritania,2002,113.0,3860.0,64.5,UMIC
Mauritius,2002,16.1,13000.0,72.7,HIC
Malawi,2002,146.0,1030.0,46.7,LMIC
Malaysia,2002,8.93,16100.000000000002,73.5,HIC
Namibia,2002,78.0,6860.0,52.5,UMIC
Niger,2002,206.0,941.0,53.3,LMIC
Nigeria,2002,173.0,3380.0,55.1,UMIC
Nicaragua,2002,32.1,3900.0,73.6,UMIC
Netherlands,2002,5.91,47000.0,78.6,HIC
Norway,2002,4.55,59800.0,79.3,HIC
Nepal,2002,72.3,2040.0,66.2,LMIC
Nauru,2002,39.8,5250.0,58.8,UMIC
New Zealand,2002,7.03,34500.0,78.8,HIC
Oman,2002,14.6,36900.0,69.6,HIC
Pakistan,2002,107.0,3400.0,61.4,UMIC
Panama,2002,24.7,14500.0,78.1,HIC
Peru,2002,33.0,6670.0,75.9,UMIC
Philippines,2002,36.4,4590.0,70.2,UMIC
Palau,2002,27.7,14700.0,66.7,HIC
Papua New Guinea,2002,69.6,2870.0,62.7,LMIC
Poland,2002,8.43,16600.0,74.7,HIC
North Korea,2002,44.7,1960.0,64.2,LMIC
Portugal,2002,6.12,30400.0,77.5,HIC
Paraguay,2002,32.3,8240.0,76.1,HIC
Palestine,2002,28.4,3500.0,68.8,UMIC
Qatar,2002,11.5,78300.0,71.5,HIC
Romania,2002,20.5,13500.0,71.2,HIC
Russia,2002,17.2,16000.0,65.4,HIC
Rwanda,2002,155.0,1040.0,53.2,LMIC
Saudi Arabia,2002,19.7,35000.0,70.7,HIC
Sudan,2002,97.5,4060.0,63.9,LMIC
Senegal,2002,117.0,2560.0,61.4,LMIC
Singapore,2002,3.38,53600.0,80.1,HIC
Solomon Islands,2002,29.7,1760.0,56.9,LMIC
Sierra Leone,2002,223.0,1120.0,52.4,LMIC
El Salvador,2002,29.4,6560.0,74.3,UMIC
San Marino,2002,5.22,78400.0,81.7,HIC
Somalia,2002,172.0,733.0,52.2,LIC
Serbia,2002,11.4,9890.0,72.2,HIC
South Sudan,2002,165.0,1030.0,58.1,LIC
Sao Tome and Principe,2002,75.1,2780.0,65.9,LMIC
Suriname,2002,32.1,13100.0,69.5,HIC
Slovak Republic,2002,9.1,17000.0,74.1,HIC
Slovenia,2002,4.94,27700.0,76.8,HIC
Sweden,2002,3.99,41500.0,80.3,HIC
Eswatini,2002,132.0,5530.0,45.0,UMIC
Seychelles,2002,13.7,18100.0,72.1,HIC
Syria,2002,21.4,6190.0,72.8,LMIC
Chad,2002,179.0,1020.0,52.6,LMIC
Togo,2002,113.0,1660.0,56.3,LMIC
Thailand,2002,19.8,10700.0,73.1,HIC
Tajikistan,2002,71.5,1600.0,67.0,UMIC
Turkmenistan,2002,76.7,6180.0,66.6,HIC
Timor-Leste,2002,97.3,2540.0,66.1,LMIC
Tonga,2002,17.0,5210.0,71.0,UMIC
Trinidad and Tobago,2002,28.4,18800.0,71.2,HIC
Tunisia,2002,26.2,8000.0,74.7,UMIC
Turkey,2002,32.3,14600.0,75.2,HIC
Tuvalu,2002,38.9,3820.0,65.1,UMIC
Taiwan,2002,7.66,29000.0,77.7,HIC
Tanzania,2002,114.0,1480.0,54.6,LMIC
Uganda,2002,133.0,1350.0,51.0,LMIC
Ukraine,2002,16.7,8570.0,68.1,UMIC
Uruguay,2002,16.1,13100.0,75.0,HIC
USA,2002,8.23,50000.0,77.2,HIC
Uzbekistan,2002,57.5,3340.0,65.0,UMIC
St. Vincent and the Grenadines,2002,22.5,9360.0,71.7,HIC
Venezuela,2002,20.3,14600.0,74.0,UMIC
Vietnam,2002,27.5,4010.0,72.5,UMIC
Vanuatu,2002,28.4,2650.0,63.6,LMIC
Samoa,2002,19.9,4750.0,68.8,UMIC
Yemen,2002,85.6,3940.0,64.5,LMIC
South Africa,2002,77.4,10900.0,53.7,UMIC
Zambia,2002,142.0,2100.0,45.9,LMIC
Zimbabwe,2002,103.0,2490.0,46.6,LMIC
Afghanistan,2003,117.0,1260.0,56.5,LMIC
Angola,2003,185.0,4950.0,55.1,UMIC
Albania,2003,21.8,7130.0,75.6,HIC
Andorra,2003,5.71,51900.0,81.2,HIC
UAE,2003,10.3,93600.0,69.3,HIC
Argentina,2003,17.7,16400.0,74.4,HIC
Armenia,2003,26.5,5870.0,72.8,HIC
Antigua and Barbuda,2003,13.7,19900.0,75.6,HIC
Australia,2003,5.91,41100.0,80.6,HIC
Austria,2003,5.2,47200.0,79.1,HIC
Azerbaijan,2003,60.4,5270.0,67.1,HIC
Burundi,2003,139.0,810.0,47.9,LIC
Belgium,2003,5.22,43400.0,78.7,HIC
Benin,2003,129.0,2500.0,58.1,LMIC
Burkina Faso,2003,166.0,1390.0,54.0,LMIC
Bangladesh,2003,74.0,2400.0,66.7,UMIC
Bulgaria,2003,15.1,12600.0,70.9,HIC
Bahrain,2003,11.3,44500.0,72.2,HIC
Bahamas,2003,15.3,36400.0,72.4,HIC
Bosnia and Herzegovina,2003,9.14,7720.0,75.3,HIC
Belarus,2003,10.0,9870.0,68.6,HIC
Belize,2003,21.7,9430.0,71.8,UMIC
Bolivia,2003,63.1,5330.0,68.1,UMIC
Brazil,2003,28.5,11800.0,72.0,HIC
Barbados,2003,15.7,15100.0,74.9,HIC
Brunei,2003,9.66,73600.0,72.9,HIC
Bhutan,2003,65.4,5090.0,68.2,UMIC
Botswana,2003,81.7,11900.0,45.7,HIC
Central African Republic,2003,168.0,963.0,44.5,LIC
Canada,2003,6.13,42800.0,80.0,HIC
Switzerland,2003,5.33,57400.0,81.1,HIC
Chile,2003,9.51,16800.0,77.4,HIC
China,2003,28.9,4570.0,72.3,HIC
Cote d'Ivoire,2003,135.0,3390.0,52.1,UMIC
Cameroon,2003,137.0,3050.0,54.3,LMIC
"Congo, Dem. Rep.",2003,147.0,684.0,54.8,LMIC
"Congo, Rep.",2003,100.0,4010.0,55.3,LMIC
Colombia,2003,22.8,9530.0,75.2,HIC
Comoros,2003,102.0,2680.0,63.3,LMIC
Cape Verde,2003,27.8,4670.0,71.2,UMIC
Costa Rica,2003,11.1,13100.0,78.5,HIC
Cuba,2003,7.65,5160.0,77.8,UMIC
Cyprus,2003,5.51,33200.0,77.7,HIC
Czech Republic,2003,4.78,26700.0,75.6,HIC
Germany,2003,4.97,42600.0,78.9,HIC
Djibouti,2003,94.0,2710.0,60.9,UMIC
Dominica,2003,14.8,9740.0,72.2,UMIC
Denmark,2003,5.15,48300.0,77.7,HIC
Dominican Republic,2003,38.0,9250.0,73.5,HIC
Algeria,2003,36.5,9690.0,72.0,UMIC
Ecuador,2003,24.8,7880.0,73.9,UMIC
Egypt,2003,39.6,8120.0,68.2,UMIC
Eritrea,2003,73.9,1760.0,57.0,LMIC
Spain,2003,5.0,36100.0,80.0,HIC
Estonia,2003,8.47,22300.0,72.1,HIC
Ethiopia,2003,123.0,724.0,55.0,LMIC
Finland,2003,3.98,42000.0,78.8,HIC
Fiji,2003,22.4,9440.0,66.5,UMIC
France,2003,4.9,40300.0,79.7,HIC
"Micronesia, Fed. Sts.",2003,49.6,3280.0,63.6,LMIC
Gabon,2003,79.4,15200.0,59.8,HIC
UK,2003,6.26,40400.0,78.6,HIC
Georgia,2003,29.0,6010.0,70.6,HIC
Ghana,2003,89.3,2870.0,59.6,UMIC
Guinea,2003,145.0,1720.0,55.4,LMIC
Gambia,2003,102.0,2030.0,61.8,LMIC
Guinea-Bissau,2003,157.0,1460.0,52.4,LMIC
Equatorial Guinea,2003,144.0,19800.0,60.5,UMIC
Greece,2003,5.2,32400.0,79.1,HIC
Grenada,2003,14.8,12200.0,72.2,HIC
Guatemala,2003,45.8,6640.0,68.1,UMIC
Guyana,2003,43.4,7570.0,64.1,HIC
"Hong Kong, China",2003,3.51,37900.0,81.2,HIC
Honduras,2003,32.3,4170.0,70.5,UMIC
Croatia,2003,7.36,21400.0,75.1,HIC
Haiti,2003,94.1,2800.0,58.5,LMIC
Hungary,2003,8.4,21800.0,72.7,HIC
Indonesia,2003,45.7,6190.0,67.8,UMIC
India,2003,81.1,2900.0,64.5,UMIC
Ireland,2003,6.04,51900.0,78.3,HIC
Iran,2003,28.9,12800.0,71.8,HIC
Iraq,2003,41.6,4690.0,68.1,UMIC
Iceland,2003,3.51,42200.0,81.2,HIC
Israel,2003,6.11,29000.0,79.5,HIC
Italy,2003,4.83,42800.0,80.3,HIC
Jamaica,2003,20.8,9790.0,76.3,UMIC
Jordan,2003,24.8,9500.0,73.8,UMIC
Japan,2003,3.99,36800.0,82.3,HIC
Kazakhstan,2003,35.6,14200.0,64.6,HIC
Kenya,2003,90.5,3130.0,55.2,UMIC
Kyrgyz Republic,2003,42.8,3440.0,67.1,UMIC
Cambodia,2003,78.4,1790.0,62.2,UMIC
Kiribati,2003,66.8,1550.0,57.2,LMIC
St. Kitts and Nevis,2003,19.5,20400.0,71.1,HIC
South Korea,2003,6.33,26500.0,77.7,HIC
Kuwait,2003,11.8,60400.0,78.9,HIC
Lao,2003,94.4,3160.0,60.4,UMIC
Lebanon,2003,16.4,13100.0,75.3,UMIC
Liberia,2003,149.0,1180.0,55.5,LMIC
Libya,2003,25.5,21900.0,75.5,HIC
St. Lucia,2003,18.0,12200.0,73.8,HIC
Sri Lanka,2003,15.1,6490.0,73.4,UMIC
Lesotho,2003,123.0,1950.0,45.0,LMIC
Lithuania,2003,9.59,17600.0,72.0,HIC
Luxembourg,2003,4.1,96800.0,79.0,HIC
Latvia,2003,11.9,16700.0,71.0,HIC
Morocco,2003,43.4,5510.0,70.3,UMIC
Monaco,2003,4.71,154000.0,79.0,HIC
Moldova,2003,23.0,5860.0,69.1,UMIC
Madagascar,2003,91.2,1450.0,60.3,LMIC
Maldives,2003,27.4,14800.0,74.4,HIC
Mexico,2003,22.5,17800.0,74.7,HIC
Marshall Islands,2003,40.3,3480.0,63.0,UMIC
North Macedonia,2003,14.4,9140.0,71.7,HIC
Mali,2003,169.0,1840.0,54.9,LMIC
Malta,2003,7.0,27400.0,79.3,HIC
Myanmar,2003,81.8,1560.0,60.3,LMIC
Montenegro,2003,12.2,12400.0,73.8,HIC
Mongolia,2003,49.6,4900.0,62.1,UMIC
Mozambique,2003,147.0,763.0,52.1,LMIC
Mauritania,2003,112.0,4080.0,65.0,UMIC
Mauritius,2003,15.7,13600.0,72.9,HIC
Malawi,2003,133.0,1060.0,47.4,LMIC
Malaysia,2003,8.54,16700.0,73.5,HIC
Namibia,2003,78.1,7030.0,52.1,UMIC
Niger,2003,195.0,934.0,53.7,LMIC
Nigeria,2003,167.0,3550.0,55.5,UMIC
Nicaragua,2003,30.1,3960.0,73.6,UMIC
Netherlands,2003,5.74,46900.0,78.9,HIC
Norway,2003,4.37,60000.0,79.7,HIC
Nepal,2003,68.3,2100.0,67.0,LMIC
Nauru,2003,39.2,5250.0,58.7,UMIC
New Zealand,2003,6.87,35500.0,79.1,HIC
Oman,2003,13.9,35700.0,69.8,HIC
Pakistan,2003,105.0,3510.0,61.5,UMIC
Panama,2003,24.1,14900.0,78.0,HIC
Peru,2003,30.6,6870.0,76.0,UMIC
Philippines,2003,35.7,4730.0,70.3,UMIC
Palau,2003,27.1,14100.0,66.8,HIC
Papua New Guinea,2003,68.2,2840.0,62.5,LMIC
Poland,2003,8.1,17200.0,74.9,HIC
North Korea,2003,38.9,1980.0,69.7,LMIC
Portugal,2003,5.58,30100.0,77.8,HIC
Paraguay,2003,31.5,8520.0,75.8,HIC
Palestine,2003,27.6,3860.0,70.0,UMIC
Qatar,2003,11.1,78300.0,71.7,HIC
Romania,2003,20.0,14000.0,71.5,HIC
Russia,2003,16.0,17400.0,65.2,HIC
Rwanda,2003,139.0,1030.0,54.5,LMIC
Saudi Arabia,2003,18.6,38300.0,70.9,HIC
Sudan,2003,94.2,4250.0,64.1,LMIC
Senegal,2003,109.0,2650.0,62.2,LMIC
Singapore,2003,3.2,56900.0,80.4,HIC
Solomon Islands,2003,29.4,1830.0,56.9,LMIC
Sierra Leone,2003,217.0,1180.0,52.6,LMIC
El Salvador,2003,27.8,6660.0,73.9,UMIC
San Marino,2003,4.84,79500.0,81.7,HIC
Somalia,2003,172.0,759.0,52.6,LIC
Serbia,2003,10.5,10400.0,72.2,HIC
South Sudan,2003,157.0,1040.0,58.4,LIC
Sao Tome and Principe,2003,70.6,2930.0,66.2,LMIC
Suriname,2003,31.1,13700.0,69.8,HIC
Slovak Republic,2003,8.79,17900.0,74.2,HIC
Slovenia,2003,4.68,28500.0,77.0,HIC
Sweden,2003,3.88,42300.0,80.5,HIC
Eswatini,2003,133.0,5710.0,43.9,UMIC
Seychelles,2003,13.7,17200.0,71.9,HIC
Syria,2003,20.5,6360.0,73.8,LMIC
Chad,2003,176.0,1130.0,52.8,LMIC
Togo,2003,110.0,1730.0,56.4,LMIC
Thailand,2003,18.8,11300.0,73.6,HIC
Tajikistan,2003,65.9,1730.0,67.3,UMIC
Turkmenistan,2003,74.5,7160.0,66.5,HIC
Timor-Leste,2003,92.0,2430.0,66.5,LMIC
Tonga,2003,16.8,5300.0,71.1,UMIC
Trinidad and Tobago,2003,27.9,21300.0,71.1,HIC
Tunisia,2003,24.7,8290.0,74.9,UMIC
Turkey,2003,29.8,15200.0,75.7,HIC
Tuvalu,2003,37.9,3630.0,65.3,UMIC
Taiwan,2003,6.94,30100.0,77.9,HIC
Tanzania,2003,107.0,1540.0,55.3,LMIC
Uganda,2003,125.0,1390.0,51.8,LMIC
Ukraine,2003,15.9,9500.0,68.3,UMIC
Uruguay,2003,15.7,13200.0,75.0,HIC
USA,2003,8.14,50900.0,77.3,HIC
Uzbekistan,2003,54.7,3410.0,64.9,UMIC
St. Vincent and the Grenadines,2003,22.5,10000.0,72.2,HIC
Venezuela,2003,19.8,13300.0,73.5,UMIC
Vietnam,2003,26.6,4250.0,72.6,UMIC
Vanuatu,2003,28.3,2690.0,63.7,LMIC
Samoa,2003,19.5,4970.0,68.9,UMIC
Yemen,2003,81.1,3960.0,64.9,LMIC
South Africa,2003,79.1,11100.0,52.7,UMIC
Zambia,2003,130.0,2190.0,46.6,LMIC
Zimbabwe,2003,102.0,2060.0,46.4,LMIC
Afghanistan,2004,113.0,1240.0,57.1,LMIC
Angola,2004,176.0,5370.0,55.5,UMIC
Albania,2004,20.4,7560.0,75.8,HIC
Andorra,2004,5.49,54900.0,81.3,HIC
UAE,2004,10.0,98800.0,69.1,HIC
Argentina,2004,17.1,17700.0,74.9,HIC
Armenia,2004,25.2,6480.0,73.0,HIC
Antigua and Barbuda,2004,13.1,20800.0,75.7,HIC
Australia,2004,5.82,42300.0,80.9,HIC
Austria,2004,5.05,48300.0,79.5,HIC
Azerbaijan,2004,56.2,5710.0,67.2,HIC
Burundi,2004,132.0,818.0,49.2,LIC
Belgium,2004,5.07,44800.0,79.1,HIC
Benin,2004,126.0,2530.0,58.5,LMIC
Burkina Faso,2004,160.0,1400.0,54.6,LMIC
Bangladesh,2004,70.0,2490.0,67.1,UMIC
Bulgaria,2004,14.2,13600.0,71.0,HIC
Bahrain,2004,10.9,45200.0,72.3,HIC
Bahamas,2004,15.1,36200.0,72.4,HIC
Bosnia and Herzegovina,2004,9.01,8250.0,75.5,HIC
Belarus,2004,9.24,11000.0,69.0,HIC
Belize,2004,21.3,9590.0,72.0,UMIC
Bolivia,2004,59.4,5470.0,68.6,UMIC
Brazil,2004,26.6,12300.0,72.3,HIC
Barbados,2004,15.7,15300.0,74.9,HIC
Brunei,2004,9.54,72300.0,72.9,HIC
Bhutan,2004,61.6,5230.0,68.6,UMIC
Botswana,2004,78.0,12000.0,47.5,HIC
Central African Republic,2004,166.0,996.0,44.8,LIC
Canada,2004,6.1,43700.0,80.2,HIC
Switzerland,2004,5.2,58700.0,81.4,HIC
Chile,2004,9.29,17800.0,77.6,HIC
China,2004,26.3,4970.0,72.5,HIC
Cote d'Ivoire,2004,131.0,3430.0,52.6,UMIC
Cameroon,2004,133.0,3180.0,54.6,LMIC
"Congo, Dem. Rep.",2004,143.0,714.0,55.5,LMIC
"Congo, Rep.",2004,93.2,4000.0,56.1,LMIC
Colombia,2004,22.2,9890.0,75.6,HIC
Comoros,2004,101.0,2710.0,63.8,LMIC
Cape Verde,2004,26.8,5060.0,71.5,UMIC
Costa Rica,2004,10.8,13500.0,78.6,HIC
Cuba,2004,7.4,5220.0,77.8,UMIC
Cyprus,2004,5.19,34500.0,77.9,HIC
Czech Republic,2004,4.58,28100.0,76.1,HIC
Germany,2004,4.85,43200.0,79.3,HIC
Djibouti,2004,91.5,2760.0,61.0,UMIC
Dominica,2004,15.2,10100.0,72.3,UMIC
Denmark,2004,5.0,49500.0,78.0,HIC
Dominican Republic,2004,37.3,9380.0,72.6,HIC
Algeria,2004,35.0,10000.0,72.6,UMIC
Ecuador,2004,23.8,8270.0,73.9,UMIC
Egypt,2004,37.7,8290.0,68.5,UMIC
Eritrea,2004,70.7,1690.0,57.4,LMIC
Spain,2004,4.86,36700.0,80.3,HIC
Estonia,2004,7.76,23900.0,72.5,HIC
Ethiopia,2004,117.0,790.0,55.9,LMIC
Finland,2004,3.88,43600.0,79.0,HIC
Fiji,2004,22.6,9870.0,67.1,UMIC
France,2004,4.72,41200.0,80.3,HIC
"Micronesia, Fed. Sts.",2004,48.1,3190.0,63.7,LMIC
Gabon,2004,77.3,14900.0,60.2,HIC
UK,2004,6.16,41200.0,79.0,HIC
Georgia,2004,26.3,6380.0,70.7,HIC
Ghana,2004,86.6,2960.0,59.8,UMIC
Guinea,2004,139.0,1730.0,55.7,LMIC
Gambia,2004,97.8,2120.0,62.0,LMIC
Guinea-Bissau,2004,151.0,1450.0,52.7,LMIC
Equatorial Guinea,2004,139.0,25800.0,60.9,UMIC
Greece,2004,4.86,34000.0,79.2,HIC
Grenada,2004,14.6,12000.0,71.8,HIC
Guatemala,2004,44.0,6700.0,68.4,UMIC
Guyana,2004,42.4,7730.0,64.3,HIC
"Hong Kong, China",2004,3.35,40900.0,81.4,HIC
Honduras,2004,30.8,4320.0,70.7,UMIC
Croatia,2004,7.04,22300.0,75.6,HIC
Haiti,2004,91.6,2740.0,57.5,LMIC
Hungary,2004,7.95,23000.0,73.1,HIC
Indonesia,2004,49.7,6410.0,66.3,UMIC
India,2004,77.7,3070.0,65.2,UMIC
Ireland,2004,5.59,54500.0,78.7,HIC
Iran,2004,27.4,13200.0,73.2,HIC
Iraq,2004,40.7,7040.0,68.3,UMIC
Iceland,2004,3.35,45200.0,81.4,HIC
Israel,2004,5.85,29900.0,79.9,HIC
Italy,2004,4.63,43200.0,80.8,HIC
Jamaica,2004,20.4,9910.0,76.8,UMIC
Jordan,2004,24.1,10100.0,74.0,UMIC
Japan,2004,3.86,37500.0,82.5,HIC
Kazakhstan,2004,33.5,15400.0,64.6,HIC
Kenya,2004,85.0,3210.0,55.7,UMIC
Kyrgyz Republic,2004,40.9,3630.0,67.4,UMIC
Cambodia,2004,71.2,1940.0,62.9,UMIC
Kiribati,2004,66.3,1500.0,57.5,LMIC
St. Kitts and Nevis,2004,18.4,21000.0,71.2,HIC
South Korea,2004,5.93,27700.0,78.3,HIC
Kuwait,2004,11.6,65400.00000000001,78.8,HIC
Lao,2004,90.4,3320.0,61.1,UMIC
Lebanon,2004,15.3,13900.0,75.4,UMIC
Liberia,2004,138.0,1190.0,58.5,LMIC
Libya,2004,24.4,22600.0,76.4,HIC
St. Lucia,2004,18.1,13100.0,74.0,HIC
Sri Lanka,2004,29.1,6760.0,69.0,UMIC
Lesotho,2004,123.0,1990.0,44.2,LMIC
Lithuania,2004,9.32,19000.0,72.0,HIC
Luxembourg,2004,3.88,100000.0,79.2,HIC
Latvia,2004,11.2,18200.0,71.3,HIC
Morocco,2004,41.6,5680.0,70.5,UMIC
Monaco,2004,4.59,160000.0,79.0,HIC
Moldova,2004,21.1,6340.0,69.4,UMIC
Madagascar,2004,86.8,1490.0,60.6,LMIC
Maldives,2004,27.1,15400.0,73.9,HIC
Mexico,2004,21.4,18200.0,75.0,HIC
Marshall Islands,2004,40.1,3460.0,63.1,UMIC
North Macedonia,2004,14.1,9590.0,72.2,HIC
Mali,2004,163.0,1820.0,55.6,LMIC
Malta,2004,6.9,27300.0,79.6,HIC
Myanmar,2004,79.3,1740.0,60.8,LMIC
Montenegro,2004,11.4,13100.0,73.8,HIC
Mongolia,2004,45.4,5410.0,62.5,UMIC
Mozambique,2004,140.0,803.0,52.1,LMIC
Mauritania,2004,111.0,4220.0,65.5,UMIC
Mauritius,2004,15.6,14100.0,73.2,HIC
Malawi,2004,121.0,1090.0,48.0,LMIC
Malaysia,2004,8.3,17400.0,73.8,HIC
Namibia,2004,77.5,7800.0,52.4,UMIC
Niger,2004,183.0,905.0,55.0,LMIC
Nigeria,2004,162.0,3790.0,56.0,UMIC
Nicaragua,2004,28.2,4140.0,73.7,UMIC
Netherlands,2004,5.55,47800.0,79.3,HIC
Norway,2004,4.2,62100.0,80.1,HIC
Nepal,2004,64.6,2170.0,67.2,LMIC
Nauru,2004,38.8,5000.0,58.7,UMIC
New Zealand,2004,6.72,36500.0,79.4,HIC
Oman,2004,13.3,35900.0,70.2,HIC
Pakistan,2004,102.0,3690.0,61.8,UMIC
Panama,2004,23.5,15800.0,78.2,HIC
Peru,2004,28.5,7130.0,76.7,UMIC
Philippines,2004,35.0,4940.0,70.4,UMIC
Palau,2004,26.6,14700.0,66.8,HIC
Papua New Guinea,2004,66.7,2820.0,62.3,LMIC
Poland,2004,7.82,18100.0,75.0,HIC
North Korea,2004,35.0,2010.0,69.8,LMIC
Portugal,2004,5.1,30600.0,78.4,HIC
Paraguay,2004,30.7,8800.0,75.2,HIC
Palestine,2004,26.9,4530.0,69.8,UMIC
Qatar,2004,10.7,90300.0,72.2,HIC
Romania,2004,19.3,15600.0,72.0,HIC
Russia,2004,14.8,18800.0,65.5,HIC
Rwanda,2004,124.0,1080.0,56.3,LMIC
Saudi Arabia,2004,17.6,40800.0,71.1,HIC
Sudan,2004,91.1,4390.0,64.2,LMIC
Senegal,2004,101.0,2710.0,62.7,LMIC
Singapore,2004,3.06,62000.0,80.7,HIC
Solomon Islands,2004,29.1,1920.0,56.8,LMIC
Sierra Leone,2004,210.0,1210.0,52.9,LMIC
El Salvador,2004,26.3,6720.0,73.6,UMIC
San Marino,2004,4.49,81600.0,81.6,HIC
Somalia,2004,172.0,783.0,52.8,LIC
Serbia,2004,9.66,11400.0,72.3,HIC
South Sudan,2004,149.0,1040.0,58.9,LIC
Sao Tome and Principe,2004,66.1,2970.0,66.5,LMIC
Suriname,2004,30.0,14700.0,70.1,HIC
Slovak Republic,2004,8.5,18900.0,74.6,HIC
Slovenia,2004,4.44,29800.0,77.4,HIC
Sweden,2004,3.75,44000.0,80.7,HIC
Eswatini,2004,132.0,5870.0,43.1,UMIC
Seychelles,2004,13.7,16800.0,72.0,HIC
Syria,2004,19.7,6580.0,74.1,LMIC
Chad,2004,172.0,1440.0,53.2,LMIC
Togo,2004,107.0,1690.0,56.7,LMIC
Thailand,2004,17.9,11900.0,73.7,HIC
Tajikistan,2004,60.7,1860.0,67.5,UMIC
Turkmenistan,2004,72.4,8130.0,66.2,HIC
Timor-Leste,2004,86.8,2480.0,67.1,LMIC
Tonga,2004,16.7,5140.0,71.4,UMIC
Trinidad and Tobago,2004,27.4,22700.0,71.6,HIC
Tunisia,2004,23.3,8700.0,75.1,UMIC
Turkey,2004,27.5,16500.0,76.3,HIC
Tuvalu,2004,37.0,3510.0,65.5,UMIC
Taiwan,2004,7.39,32000.0,77.9,HIC
Tanzania,2004,100.0,1610.0,55.9,LMIC
Uganda,2004,117.0,1440.0,52.6,LMIC
Ukraine,2004,15.1,10700.0,68.0,UMIC
Uruguay,2004,15.1,13900.0,75.2,HIC
USA,2004,8.05,52400.0,77.7,HIC
Uzbekistan,2004,52.0,3590.0,64.8,UMIC
St. Vincent and the Grenadines,2004,22.5,10500.0,72.3,HIC
Venezuela,2004,19.1,15400.0,74.6,UMIC
Vietnam,2004,25.8,4540.0,72.7,UMIC
Vanuatu,2004,28.4,2730.0,63.7,LMIC
Samoa,2004,19.2,5100.0,69.0,UMIC
Yemen,2004,76.7,4000.0,65.3,LMIC
South Africa,2004,79.4,11600.0,52.2,UMIC
Zambia,2004,119.0,2280.0,47.7,LMIC
Zimbabwe,2004,102.0,1930.0,46.4,LMIC
Afghanistan,2005,109.0,1330.0,57.6,LMIC
Angola,2005,167.0,6040.0,56.4,UMIC
Albania,2005,19.2,8030.0,76.2,HIC
Andorra,2005,5.27,60400.0,81.4,HIC
UAE,2005,9.73,97300.0,69.2,HIC
Argentina,2005,16.5,19100.0,75.3,HIC
Armenia,2005,23.9,7370.0,73.0,HIC
Antigua and Barbuda,2005,12.5,21800.0,75.9,HIC
Australia,2005,5.72,43100.0,81.2,HIC
Austria,2005,4.9,49200.0,79.8,HIC
Azerbaijan,2005,52.5,7210.0,67.3,HIC
Burundi,2005,125.0,796.0,50.3,LIC
Belgium,2005,4.94,45700.0,79.3,HIC
Benin,2005,123.0,2500.0,58.8,LMIC
Burkina Faso,2005,153.0,1470.0,55.3,LMIC
Bangladesh,2005,66.1,2630.0,67.4,UMIC
Bulgaria,2005,13.3,14700.0,71.1,HIC
Bahrain,2005,10.6,45300.0,72.7,HIC
Bahamas,2005,14.9,36900.0,73.2,HIC
Bosnia and Herzegovina,2005,8.83,8640.0,75.3,HIC
Belarus,2005,8.52,12100.0,68.8,HIC
Belize,2005,20.9,9530.0,72.4,UMIC
Bolivia,2005,55.8,5620.0,69.0,UMIC
Brazil,2005,24.9,12600.0,72.8,HIC
Barbados,2005,15.7,15800.0,75.2,HIC
Brunei,2005,9.47,71100.0,73.0,HIC
Bhutan,2005,57.9,5490.0,69.0,UMIC
Botswana,2005,71.9,12400.0,49.9,HIC
Central African Republic,2005,165.0,984.0,45.2,LIC
Canada,2005,6.05,44700.0,80.4,HIC
Switzerland,2005,5.07,60100.0,81.7,HIC
Chile,2005,9.1,18600.0,77.9,HIC
China,2005,24.0,5470.0,73.0,HIC
Cote d'Ivoire,2005,127.0,3410.0,53.5,UMIC
Cameroon,2005,129.0,3180.0,55.0,LMIC
"Congo, Dem. Rep.",2005,138.0,739.0,56.1,LMIC
"Congo, Rep.",2005,86.1,4140.0,57.0,LMIC
Colombia,2005,21.5,10200.0,76.5,HIC
Comoros,2005,99.3,2760.0,64.1,LMIC
Cape Verde,2005,26.3,5350.0,71.8,UMIC
Costa Rica,2005,10.5,13900.0,79.4,HIC
Cuba,2005,7.15,5400.0,77.7,UMIC
Cyprus,2005,4.88,35800.0,77.9,HIC
Czech Republic,2005,4.36,30000.0,76.4,HIC
Germany,2005,4.73,43600.0,79.6,HIC
Djibouti,2005,89.0,2810.0,61.4,UMIC
Dominica,2005,15.6,10200.0,72.6,UMIC
Denmark,2005,4.83,50600.0,78.3,HIC
Dominican Republic,2005,36.7,10200.0,72.6,HIC
Algeria,2005,33.5,10400.0,72.9,UMIC
Ecuador,2005,22.8,8560.0,73.6,UMIC
Egypt,2005,36.0,8500.0,68.8,UMIC
Eritrea,2005,67.8,1660.0,57.7,LMIC
Spain,2005,4.71,37400.0,80.6,HIC
Estonia,2005,7.1,26300.0,73.0,HIC
Ethiopia,2005,110.0,857.0,57.0,LMIC
Finland,2005,3.77,44700.0,79.3,HIC
Fiji,2005,23.0,9870.0,67.1,UMIC
France,2005,4.58,41600.0,80.6,HIC
"Micronesia, Fed. Sts.",2005,46.7,3260.0,63.8,LMIC
Gabon,2005,75.0,15000.0,61.1,HIC
UK,2005,6.05,42000.0,79.3,HIC
Georgia,2005,23.7,7010.0,71.0,HIC
Ghana,2005,84.2,3060.0,60.0,UMIC
Guinea,2005,134.0,1750.0,56.0,LMIC
Gambia,2005,93.8,2020.0,62.2,LMIC
Guinea-Bissau,2005,145.0,1500.0,52.8,LMIC
Equatorial Guinea,2005,134.0,28500.0,61.1,UMIC
Greece,2005,4.56,34200.0,79.4,HIC
Grenada,2005,14.4,13500.0,72.4,HIC
Guatemala,2005,42.3,6770.0,68.4,UMIC
Guyana,2005,41.5,7620.0,64.4,HIC
"Hong Kong, China",2005,3.22,43700.0,81.8,HIC
Honduras,2005,29.4,4480.0,70.9,UMIC
Croatia,2005,6.73,23300.0,75.6,HIC
Haiti,2005,89.3,2800.0,59.0,LMIC
Hungary,2005,7.55,24100.0,73.1,HIC
Indonesia,2005,41.9,6680.0,68.3,UMIC
India,2005,74.4,3250.0,65.4,UMIC
Ireland,2005,5.19,56400.0,79.1,HIC
Iran,2005,25.9,13400.0,73.5,HIC
Iraq,2005,39.8,6990.0,67.7,UMIC
Iceland,2005,3.2,47200.0,81.6,HIC
Israel,2005,5.58,30600.0,80.3,HIC
Italy,2005,4.47,43500.0,81.0,HIC
Jamaica,2005,20.1,9990.0,77.4,UMIC
Jordan,2005,23.4,10600.0,74.1,UMIC
Japan,2005,3.74,38200.0,82.5,HIC
Kazakhstan,2005,31.3,16800.0,64.6,HIC
Kenya,2005,79.3,3320.0,56.5,UMIC
Kyrgyz Republic,2005,39.2,3570.0,67.4,UMIC
Cambodia,2005,65.3,2150.0,63.7,UMIC
Kiribati,2005,66.1,1490.0,57.7,LMIC
St. Kitts and Nevis,2005,17.5,22900.0,71.4,HIC
South Korea,2005,5.53,28800.0,78.8,HIC
Kuwait,2005,11.4,70000.0,78.7,HIC
Lao,2005,86.4,3510.0,61.7,UMIC
Lebanon,2005,14.1,14100.0,75.4,UMIC
Liberia,2005,128.0,1200.0,59.2,LMIC
Libya,2005,23.1,24900.0,76.8,HIC
St. Lucia,2005,18.3,13000.0,74.3,HIC
Sri Lanka,2005,14.2,7110.0,73.3,UMIC
Lesotho,2005,122.0,2050.0,43.9,LMIC
Lithuania,2005,9.01,20800.0,71.3,HIC
Luxembourg,2005,3.68,102000.0,79.5,HIC
Latvia,2005,10.5,20400.0,70.9,HIC
Morocco,2005,39.8,5770.0,70.8,UMIC
Monaco,2005,4.48,164000.0,79.0,HIC
Moldova,2005,19.7,6870.0,68.9,UMIC
Madagascar,2005,82.8,1520.0,61.1,LMIC
Maldives,2005,21.7,13500.0,75.8,HIC
Mexico,2005,20.5,18400.0,75.0,HIC
Marshall Islands,2005,40.0,3520.0,63.1,UMIC
North Macedonia,2005,13.6,10100.0,72.5,HIC
Mali,2005,157.0,1880.0,56.2,LMIC
Malta,2005,6.83,28100.0,80.0,HIC
Myanmar,2005,76.7,1940.0,61.4,LMIC
Montenegro,2005,10.6,13700.0,73.8,HIC
Mongolia,2005,41.5,5780.0,62.9,UMIC
Mozambique,2005,134.0,833.0,52.1,LMIC
Mauritania,2005,110.0,4530.0,65.8,UMIC
Mauritius,2005,15.7,14200.0,73.2,HIC
Malawi,2005,113.0,1090.0,48.9,LMIC
Malaysia,2005,8.13,17900.0,74.1,HIC
Namibia,2005,73.1,7900.0,53.5,UMIC
Niger,2005,172.0,939.0,55.6,LMIC
Nigeria,2005,156.0,3940.0,56.6,UMIC
Nicaragua,2005,26.5,4270.0,73.5,UMIC
Netherlands,2005,5.36,48700.0,79.6,HIC
Norway,2005,4.03,63300.0,80.4,HIC
Nepal,2005,61.1,2220.0,67.7,LMIC
Nauru,2005,38.8,4580.0,58.8,UMIC
New Zealand,2005,6.58,37300.0,79.8,HIC
Oman,2005,12.8,36300.0,70.3,HIC
Pakistan,2005,99.8,3870.0,61.0,UMIC
Panama,2005,22.9,16700.0,78.2,HIC
Peru,2005,26.7,7500.0,77.2,UMIC
Philippines,2005,34.4,5080.0,70.3,UMIC
Palau,2005,26.1,15200.0,66.8,HIC
Papua New Guinea,2005,65.3,2910.0,62.2,LMIC
Poland,2005,7.56,18800.0,75.2,HIC
North Korea,2005,33.0,2070.0,70.0,LMIC
Portugal,2005,4.73,30900.0,78.8,HIC
Paraguay,2005,29.9,8920.0,75.6,HIC
Palestine,2005,26.2,4890.0,71.1,UMIC
Qatar,2005,10.4,89300.0,72.3,HIC
Romania,2005,18.0,16600.0,72.4,HIC
Russia,2005,13.7,20100.0,65.0,HIC
Rwanda,2005,110.0,1140.0,58.2,LMIC
Saudi Arabia,2005,16.6,42000.0,71.2,HIC
Sudan,2005,88.2,4550.0,65.5,LMIC
Senegal,2005,93.7,2760.0,63.2,LMIC
Singapore,2005,2.96,65300.0,81.3,HIC
Solomon Islands,2005,28.8,2020.0,56.8,LMIC
Sierra Leone,2005,204.0,1230.0,53.3,LMIC
El Salvador,2005,24.9,6910.0,73.6,UMIC
San Marino,2005,4.16,82200.0,81.6,HIC
Somalia,2005,172.0,811.0,53.5,LIC
Serbia,2005,8.92,12100.0,72.3,HIC
South Sudan,2005,141.0,1050.0,59.3,LIC
Sao Tome and Principe,2005,62.0,3090.0,66.7,LMIC
Suriname,2005,29.1,15200.0,70.6,HIC
Slovak Republic,2005,8.22,20100.0,74.5,HIC
Slovenia,2005,4.21,30900.0,78.1,HIC
Sweden,2005,3.6,45100.0,81.0,HIC
Eswatini,2005,129.0,6180.0,43.3,UMIC
Seychelles,2005,13.8,18300.0,72.2,HIC
Syria,2005,18.9,6760.0,74.4,LMIC
Chad,2005,169.0,1620.0,53.7,LMIC
Togo,2005,104.0,1580.0,56.9,LMIC
Thailand,2005,17.0,12300.0,74.8,HIC
Tajikistan,2005,56.2,1940.0,67.5,UMIC
Turkmenistan,2005,70.2,9080.0,65.8,HIC
Timor-Leste,2005,81.8,2510.0,67.7,LMIC
Tonga,2005,16.6,5110.0,72.0,UMIC
Trinidad and Tobago,2005,26.8,23900.0,71.9,HIC
Tunisia,2005,22.1,8910.0,75.4,UMIC
Turkey,2005,25.4,17800.0,76.8,HIC
Tuvalu,2005,36.1,3310.0,65.7,UMIC
Taiwan,2005,7.04,33500.0,77.9,HIC
Tanzania,2005,94.2,1680.0,56.5,LMIC
Uganda,2005,109.0,1490.0,53.9,LMIC
Ukraine,2005,14.5,11200.0,67.8,UMIC
Uruguay,2005,14.3,14900.0,75.5,HIC
USA,2005,7.96,53600.0,77.7,HIC
Uzbekistan,2005,49.3,3760.0,64.5,UMIC
St. Vincent and the Grenadines,2005,22.5,10800.0,72.6,HIC
Venezuela,2005,18.5,16800.0,75.0,UMIC
Vietnam,2005,25.1,4840.0,72.8,UMIC
Vanuatu,2005,28.5,2800.0,63.8,LMIC
Samoa,2005,19.0,5400.0,69.0,UMIC
Yemen,2005,72.5,4090.0,65.8,LMIC
South Africa,2005,78.5,12100.0,52.1,UMIC
Zambia,2005,110.0,2380.0,48.7,LMIC
Zimbabwe,2005,101.0,1810.0,46.8,LMIC
Afghanistan,2006,104.0,1360.0,58.0,LMIC
Angola,2006,157.0,6590.0,57.0,UMIC
Albania,2006,17.9,8560.0,76.9,HIC
Andorra,2006,5.05,65200.0,81.5,HIC
UAE,2006,9.44,94100.0,69.5,HIC
Argentina,2006,16.1,20500.0,75.4,HIC
Armenia,2006,22.7,8360.0,73.1,HIC
Antigua and Barbuda,2006,11.9,24200.0,75.9,HIC
Australia,2006,5.59,43600.0,81.5,HIC
Austria,2006,4.76,50700.0,80.1,HIC
Azerbaijan,2006,49.2,9570.0,67.7,HIC
Burundi,2006,118.0,809.0,54.5,LIC
Belgium,2006,4.83,46600.0,79.6,HIC
Benin,2006,120.0,2520.0,59.1,LMIC
Burkina Faso,2006,145.0,1520.0,56.0,LMIC
Bangladesh,2006,62.4,2780.0,67.8,UMIC
Bulgaria,2006,12.5,15800.0,71.2,HIC
Bahrain,2006,10.2,45300.0,73.0,HIC
Bahamas,2006,14.5,37300.0,73.0,HIC
Bosnia and Herzegovina,2006,8.58,9170.0,75.6,HIC
Belarus,2006,7.83,13300.0,69.5,HIC
Belize,2006,20.6,9690.0,72.6,UMIC
Bolivia,2006,52.5,5790.0,69.3,UMIC
Brazil,2006,23.3,12900.0,73.1,HIC
Barbados,2006,15.5,16800.0,75.4,HIC
Brunei,2006,9.43,72600.0,73.2,HIC
Bhutan,2006,54.4,5730.0,69.5,UMIC
Botswana,2006,65.7,13200.0,51.4,HIC
Central African Republic,2006,163.0,1010.0,45.6,LIC
Canada,2006,5.98,45400.0,80.7,HIC
Switzerland,2006,4.94,62300.0,81.9,HIC
Chile,2006,8.96,19500.0,78.2,HIC
China,2006,21.9,6090.0,73.7,HIC
Cote d'Ivoire,2006,123.0,3450.0,54.4,UMIC
Cameroon,2006,125.0,3230.0,55.4,LMIC
"Congo, Dem. Rep.",2006,133.0,758.0,56.7,LMIC
"Congo, Rep.",2006,79.4,4290.0,57.8,LMIC
Colombia,2006,20.9,10700.0,76.7,HIC
Comoros,2006,97.3,2820.0,64.4,LMIC
Cape Verde,2006,26.1,5720.0,72.9,UMIC
Costa Rica,2006,10.4,14700.0,79.1,HIC
Cuba,2006,6.93,6200.0,78.4,UMIC
Cyprus,2006,4.57,36900.0,78.2,HIC
Czech Republic,2006,4.14,32000.0,77.0,HIC
Germany,2006,4.61,45400.0,79.9,HIC
Djibouti,2006,86.4,2920.0,61.4,UMIC
Dominica,2006,16.3,10700.0,72.6,UMIC
Denmark,2006,4.65,52400.0,78.5,HIC
Dominican Republic,2006,36.1,11000.0,72.7,HIC
Algeria,2006,32.0,10600.0,73.3,UMIC
Ecuador,2006,21.9,8760.0,73.6,UMIC
Egypt,2006,34.4,8900.0,68.9,UMIC
Eritrea,2006,64.9,1580.0,58.3,LMIC
Spain,2006,4.54,38400.0,81.0,HIC
Estonia,2006,6.5,29000.0,73.3,HIC
Ethiopia,2006,104.0,921.0,58.2,LMIC
Finland,2006,3.64,46300.0,79.6,HIC
Fiji,2006,23.3,9990.0,67.1,UMIC
France,2006,4.47,42400.0,80.8,HIC
"Micronesia, Fed. Sts.",2006,45.2,3270.0,63.8,LMIC
Gabon,2006,73.0,14200.0,61.7,HIC
UK,2006,5.92,42700.0,79.5,HIC
Georgia,2006,21.3,7690.0,71.5,HIC
Ghana,2006,81.8,3180.0,60.3,UMIC
Guinea,2006,130.0,1750.0,56.3,LMIC
Gambia,2006,90.0,1960.0,62.4,LMIC
Guinea-Bissau,2006,139.0,1510.0,53.6,LMIC
Equatorial Guinea,2006,130.0,29200.0,62.0,UMIC
Greece,2006,4.31,36100.0,79.7,HIC
Grenada,2006,14.3,12900.0,72.5,HIC
Guatemala,2006,40.8,6990.0,68.9,UMIC
Guyana,2006,40.7,8070.0,65.0,HIC
"Hong Kong, China",2006,3.1,46400.0,82.0,HIC
Honduras,2006,28.1,4670.0,71.1,UMIC
Croatia,2006,6.43,24600.0,76.0,HIC
Haiti,2006,87.2,2820.0,59.5,LMIC
Hungary,2006,7.19,25200.0,73.5,HIC
Indonesia,2006,40.1,6950.0,68.4,UMIC
India,2006,71.1,3450.0,65.6,UMIC
Ireland,2006,4.86,57700.0,79.4,HIC
Iran,2006,24.4,13900.0,74.0,HIC
Iraq,2006,38.9,7340.0,66.6,UMIC
Iceland,2006,3.07,49100.0,81.7,HIC
Israel,2006,5.33,31800.0,80.4,HIC
Italy,2006,4.34,44200.0,81.3,HIC
Jamaica,2006,19.8,10300.0,77.5,UMIC
Jordan,2006,22.8,10700.0,74.5,UMIC
Japan,2006,3.63,38600.0,82.8,HIC
Kazakhstan,2006,29.1,18300.0,64.8,HIC
Kenya,2006,74.0,3450.0,57.5,UMIC
Kyrgyz Republic,2006,37.6,3630.0,67.2,UMIC
Cambodia,2006,60.3,2330.0,64.5,UMIC
Kiribati,2006,66.2,1530.0,58.0,LMIC
St. Kitts and Nevis,2006,16.8,23500.0,71.5,HIC
South Korea,2006,5.15,30100.0,79.3,HIC
Kuwait,2006,11.3,71400.0,78.8,HIC
Lao,2006,82.5,3740.0,62.3,UMIC
Lebanon,2006,13.1,14200.0,75.1,UMIC
Liberia,2006,120.0,1230.0,60.0,LMIC
Libya,2006,21.7,26100.0,76.9,HIC
St. Lucia,2006,18.4,13800.0,74.6,HIC
Sri Lanka,2006,13.6,7580.0,73.6,UMIC
Lesotho,2006,122.0,2130.0,44.2,LMIC
Lithuania,2006,8.58,22800.0,70.9,HIC
Luxembourg,2006,3.49,107000.0,79.8,HIC
Latvia,2006,9.84,23100.0,70.5,HIC
Morocco,2006,38.1,6130.0,71.0,UMIC
Monaco,2006,4.38,172000.0,79.0,HIC
Moldova,2006,18.8,7260.0,69.4,UMIC
Madagascar,2006,79.2,1560.0,61.5,LMIC
Maldives,2006,19.5,16400.0,76.3,HIC
Mexico,2006,19.7,19100.0,75.3,HIC
Marshall Islands,2006,39.8,3540.0,63.2,UMIC
North Macedonia,2006,13.1,10700.0,72.3,HIC
Mali,2006,152.0,1910.0,56.6,LMIC
Malta,2006,6.79,28700.0,80.3,HIC
Myanmar,2006,74.0,2150.0,62.0,LMIC
Montenegro,2006,9.71,15000.0,73.9,HIC
Mongolia,2006,37.9,6240.0,63.5,UMIC
Mozambique,2006,128.0,891.0,52.3,LMIC
Mauritania,2006,108.0,5290.0,66.5,UMIC
Mauritius,2006,15.9,14700.0,73.3,HIC
Malawi,2006,107.0,1110.0,50.1,LMIC
Malaysia,2006,8.0,18500.0,74.4,HIC
Namibia,2006,67.3,8360.0,55.3,UMIC
Niger,2006,161.0,960.0,56.7,LMIC
Nigeria,2006,151.0,4080.0,57.2,UMIC
Nicaragua,2006,24.9,4400.0,74.3,UMIC
Netherlands,2006,5.15,50300.0,80.0,HIC
Norway,2006,3.86,64200.0,80.5,HIC
Nepal,2006,57.9,2280.0,68.0,LMIC
Nauru,2006,38.8,4160.0,58.9,UMIC
New Zealand,2006,6.46,37900.0,80.0,HIC
Oman,2006,12.5,37700.0,70.1,HIC
Pakistan,2006,97.3,4010.0,62.3,UMIC
Panama,2006,22.3,17900.0,78.2,HIC
Peru,2006,25.1,7990.0,77.7,UMIC
Philippines,2006,33.8,5250.0,70.2,UMIC
Palau,2006,25.6,15400.0,66.9,HIC
Papua New Guinea,2006,63.9,2960.0,62.2,LMIC
Poland,2006,7.31,19900.0,75.3,HIC
North Korea,2006,32.4,2040.0,70.2,LMIC
Portugal,2006,4.44,31400.0,79.2,HIC
Paraguay,2006,29.2,9290.0,75.6,HIC
Palestine,2006,25.6,4700.0,69.6,UMIC
Qatar,2006,10.1,94800.0,72.1,HIC
Romania,2006,16.2,18100.0,72.8,HIC
Russia,2006,12.8,21900.0,66.5,HIC
Rwanda,2006,98.3,1210.0,60.2,LMIC
Saudi Arabia,2006,15.6,41800.0,71.2,HIC
Sudan,2006,85.4,4740.0,65.8,LMIC
Senegal,2006,87.0,2760.0,63.7,LMIC
Singapore,2006,2.89,69400.0,81.6,HIC
Solomon Islands,2006,28.4,2060.0,56.9,LMIC
Sierra Leone,2006,196.0,1250.0,53.7,LMIC
El Salvador,2006,23.6,7210.0,73.7,UMIC
San Marino,2006,3.86,83900.0,81.6,HIC
Somalia,2006,172.0,838.0,53.8,LIC
Serbia,2006,8.41,12800.0,72.7,HIC
South Sudan,2006,134.0,1050.0,59.2,LIC
Sao Tome and Principe,2006,58.1,3290.0,67.2,LMIC
Suriname,2006,28.2,15900.0,71.2,HIC
Slovak Republic,2006,7.94,21800.0,74.7,HIC
Slovenia,2006,3.99,32600.0,78.3,HIC
Sweden,2006,3.45,47000.0,81.1,HIC
Eswatini,2006,118.0,6510.0,44.1,UMIC
Seychelles,2006,13.8,19700.0,72.4,HIC
Syria,2006,18.1,6760.0,74.5,LMIC
Chad,2006,165.0,1570.0,53.9,LMIC
Togo,2006,101.0,1590.0,57.5,LMIC
Thailand,2006,16.2,12800.0,75.4,HIC
Tajikistan,2006,52.4,2020.0,67.6,UMIC
Turkmenistan,2006,68.2,9960.0,66.2,HIC
Timor-Leste,2006,76.9,2360.0,68.4,LMIC
Tonga,2006,16.7,5070.0,72.1,UMIC
Trinidad and Tobago,2006,26.2,26800.0,72.5,HIC
Tunisia,2006,21.1,9270.0,75.5,UMIC
Turkey,2006,23.4,18800.0,77.0,HIC
Tuvalu,2006,35.2,3350.0,66.0,UMIC
Taiwan,2006,6.7,35300.0,78.5,HIC
Tanzania,2006,89.2,1740.0,57.3,LMIC
Uganda,2006,102.0,1600.0,55.5,LMIC
Ukraine,2006,13.9,12200.0,68.4,UMIC
Uruguay,2006,13.5,15500.0,75.9,HIC
USA,2006,7.86,54600.0,78.0,HIC
Uzbekistan,2006,46.6,3960.0,65.0,UMIC
St. Vincent and the Grenadines,2006,22.4,11600.0,72.9,HIC
Venezuela,2006,17.9,18100.0,74.8,UMIC
Vietnam,2006,24.5,5140.0,72.9,UMIC
Vanuatu,2006,28.7,2960.0,63.9,LMIC
Samoa,2006,18.9,5480.0,69.2,UMIC
Yemen,2006,68.4,4090.0,66.2,LMIC
South Africa,2006,76.0,12700.0,52.3,UMIC
Zambia,2006,101.0,2480.0,50.0,LMIC
Zimbabwe,2006,101.0,1730.0,47.4,LMIC
Afghanistan,2007,100.0,1530.0,58.5,LMIC
Angola,2007,148.0,7310.0,58.0,UMIC
Albania,2007,16.7,9140.0,77.5,HIC
Andorra,2007,4.84,66500.0,81.7,HIC
UAE,2007,9.18,81700.0,70.0,HIC
Argentina,2007,15.7,22200.0,75.3,HIC
Armenia,2007,21.6,9530.0,73.5,HIC
Antigua and Barbuda,2007,11.3,26000.0,75.1,HIC
Australia,2007,5.41,44400.0,81.5,HIC
Austria,2007,4.65,52600.0,80.3,HIC
Azerbaijan,2007,46.0,11800.0,68.2,HIC
Burundi,2007,110.0,807.0,55.7,LIC
Belgium,2007,4.73,48000.0,79.8,HIC
Benin,2007,118.0,2600.0,59.5,LMIC
Burkina Faso,2007,137.0,1530.0,56.5,LMIC
Bangladesh,2007,58.8,2950.0,68.2,UMIC
Bulgaria,2007,11.9,17000.0,71.5,HIC
Bahrain,2007,9.79,46100.0,73.6,HIC
Bahamas,2007,14.2,37300.0,73.6,HIC
Bosnia and Herzegovina,2007,8.26,9820.0,75.3,HIC
Belarus,2007,7.17,14500.0,70.4,HIC
Belize,2007,20.2,9720.0,73.1,UMIC
Bolivia,2007,49.4,5960.0,69.6,UMIC
Brazil,2007,21.9,13600.0,73.3,HIC
Barbados,2007,15.3,17100.0,75.5,HIC
Brunei,2007,9.43,71300.0,73.5,HIC
Bhutan,2007,51.1,6570.0,69.9,UMIC
Botswana,2007,61.7,13800.0,53.4,HIC
Central African Republic,2007,160.0,1040.0,46.1,LIC
Canada,2007,5.9,45900.0,80.9,HIC
Switzerland,2007,4.82,64300.0,82.2,HIC
Chile,2007,8.91,20300.0,78.4,HIC
China,2007,20.1,6880.0,74.2,HIC
Cote d'Ivoire,2007,119.0,3430.0,55.3,UMIC
Cameroon,2007,121.0,3290.0,55.9,LMIC
"Congo, Dem. Rep.",2007,128.0,784.0,57.1,LMIC
"Congo, Rep.",2007,73.6,3860.0,58.5,LMIC
Colombia,2007,20.3,11300.0,77.3,HIC
Comoros,2007,95.2,2810.0,64.5,LMIC
Cape Verde,2007,26.0,6490.0,73.2,UMIC
Costa Rica,2007,10.3,15700.0,80.3,HIC
Cuba,2007,6.71,6450.0,78.5,UMIC
Cyprus,2007,4.29,38100.0,78.3,HIC
Czech Republic,2007,3.92,33700.0,77.2,HIC
Germany,2007,4.49,46800.0,80.0,HIC
Djibouti,2007,83.8,3030.0,62.1,UMIC
Dominica,2007,17.2,11400.0,72.5,UMIC
Denmark,2007,4.47,52700.0,78.7,HIC
Dominican Republic,2007,35.6,11700.0,72.9,HIC
Algeria,2007,30.7,10700.0,73.6,UMIC
Ecuador,2007,21.0,8770.0,73.7,UMIC
Egypt,2007,33.0,9340.0,69.2,UMIC
Eritrea,2007,62.3,1550.0,58.7,LMIC
Spain,2007,4.36,39000.0,81.2,HIC
Estonia,2007,5.94,31300.0,73.3,HIC
Ethiopia,2007,98.2,995.0,59.5,LMIC
Finland,2007,3.51,48600.0,79.7,HIC
Fiji,2007,23.6,9840.0,67.1,UMIC
France,2007,4.4,43100.0,81.1,HIC
"Micronesia, Fed. Sts.",2007,43.8,3220.0,63.9,LMIC
Gabon,2007,70.5,14600.0,62.0,HIC
UK,2007,5.76,43500.0,79.8,HIC
Georgia,2007,19.1,8690.0,72.0,HIC
Ghana,2007,79.3,3230.0,60.5,UMIC
Guinea,2007,126.0,1830.0,56.5,LMIC
Gambia,2007,86.3,1960.0,62.6,LMIC
Guinea-Bissau,2007,132.0,1510.0,54.3,LMIC
Equatorial Guinea,2007,125.0,31900.0,62.5,UMIC
Greece,2007,4.11,37300.0,79.6,HIC
Grenada,2007,14.2,13600.0,72.6,HIC
Guatemala,2007,39.2,7280.0,69.5,UMIC
Guyana,2007,39.8,8720.0,65.2,HIC
"Hong Kong, China",2007,3.0,49000.0,82.2,HIC
Honduras,2007,26.9,4850.0,71.2,UMIC
Croatia,2007,6.15,25900.0,75.9,HIC
Haiti,2007,85.2,2930.0,60.0,LMIC
Hungary,2007,6.85,25400.0,73.6,HIC
Indonesia,2007,38.5,7280.0,68.7,UMIC
India,2007,67.9,3650.0,65.8,UMIC
Ireland,2007,4.62,59100.0,79.7,HIC
Iran,2007,23.1,14800.0,74.4,HIC
Iraq,2007,37.9,7550.0,67.2,UMIC
Iceland,2007,2.94,52000.0,81.9,HIC
Israel,2007,5.1,33100.0,80.8,HIC
Italy,2007,4.23,44700.0,81.5,HIC
Jamaica,2007,19.5,10400.0,76.3,UMIC
Jordan,2007,22.1,10900.0,75.5,UMIC
Japan,2007,3.52,39200.0,82.9,HIC
Kazakhstan,2007,26.9,19700.0,65.3,HIC
Kenya,2007,69.1,3600.0,58.5,UMIC
Kyrgyz Republic,2007,35.8,3900.0,67.6,UMIC
Cambodia,2007,55.9,2520.0,65.2,UMIC
Kiribati,2007,66.3,1540.0,58.2,LMIC
St. Kitts and Nevis,2007,16.1,23400.0,71.7,HIC
South Korea,2007,4.81,31600.0,79.8,HIC
Kuwait,2007,11.1,71500.0,79.0,HIC
Lao,2007,78.7,3980.0,62.9,UMIC
Lebanon,2007,12.2,15300.0,75.5,UMIC
Liberia,2007,112.0,1290.0,60.6,LMIC
Libya,2007,20.2,27300.0,76.0,HIC
St. Lucia,2007,18.6,14100.0,75.0,HIC
Sri Lanka,2007,12.9,8000.0,74.0,UMIC
Lesotho,2007,118.0,2210.0,45.1,LMIC
Lithuania,2007,8.04,25600.0,70.6,HIC
Luxembourg,2007,3.33,115000.0,80.2,HIC
Latvia,2007,9.31,25600.0,70.9,HIC
Morocco,2007,36.5,6240.0,71.2,UMIC
Monaco,2007,4.28,195000.0,79.1,HIC
Moldova,2007,18.1,7540.0,69.6,UMIC
Madagascar,2007,75.9,1600.0,61.9,LMIC
Maldives,2007,17.7,17000.0,76.8,HIC
Mexico,2007,19.0,19300.0,75.6,HIC
Marshall Islands,2007,39.6,3670.0,63.4,UMIC
North Macedonia,2007,12.4,11400.0,72.4,HIC
Mali,2007,147.0,1910.0,57.1,LMIC
Malta,2007,6.78,30100.0,80.4,HIC
Myanmar,2007,71.4,2370.0,62.6,LMIC
Montenegro,2007,8.85,16100.000000000002,74.1,HIC
Mongolia,2007,34.5,6830.0,64.0,UMIC
Mozambique,2007,121.0,934.0,52.8,LMIC
Mauritania,2007,105.0,5120.0,66.9,UMIC
Mauritius,2007,16.0,15500.0,73.8,HIC
Malawi,2007,103.0,1180.0,51.6,LMIC
Malaysia,2007,7.91,19200.0,74.5,HIC
Namibia,2007,61.2,8700.0,57.4,UMIC
Niger,2007,150.0,956.0,57.2,LMIC
Nigeria,2007,146.0,4240.0,57.9,UMIC
Nicaragua,2007,23.5,4570.0,73.9,UMIC
Netherlands,2007,4.95,52200.0,80.3,HIC
Norway,2007,3.7,65300.0,80.7,HIC
Nepal,2007,54.9,2340.0,68.3,LMIC
Nauru,2007,39.1,3980.0,59.0,UMIC
New Zealand,2007,6.37,38800.0,80.2,HIC
Oman,2007,12.2,38800.0,69.9,HIC
Pakistan,2007,94.9,4090.0,62.7,UMIC
Panama,2007,21.7,19700.0,78.5,HIC
Peru,2007,23.6,8590.0,78.3,UMIC
Philippines,2007,33.3,5480.0,70.5,UMIC
Palau,2007,25.0,15800.0,67.0,HIC
Papua New Guinea,2007,62.5,3100.0,62.3,LMIC
Poland,2007,7.01,21400.0,75.4,HIC
North Korea,2007,32.2,2000.0,70.3,LMIC
Portugal,2007,4.23,32200.000000000004,79.4,HIC
Paraguay,2007,28.4,9740.0,76.0,HIC
Palestine,2007,24.9,4760.0,71.6,UMIC
Qatar,2007,9.8,92500.0,72.2,HIC
Romania,2007,14.4,19800.0,73.4,HIC
Russia,2007,11.9,23800.0,67.5,HIC
Rwanda,2007,87.8,1260.0,61.6,LMIC
Saudi Arabia,2007,14.7,41000.0,71.3,HIC
Sudan,2007,82.8,4900.0,66.3,LMIC
Senegal,2007,80.9,2770.0,64.4,LMIC
Singapore,2007,2.86,72900.0,81.8,HIC
Solomon Islands,2007,27.8,2090.0,56.8,LMIC
Sierra Leone,2007,189.0,1320.0,54.1,LMIC
El Salvador,2007,22.4,7330.0,74.1,UMIC
San Marino,2007,3.59,88400.0,81.7,HIC
Somalia,2007,170.0,868.0,53.9,LIC
Serbia,2007,8.12,13800.0,73.2,HIC
South Sudan,2007,127.0,1050.0,59.6,LIC
Sao Tome and Principe,2007,54.5,3330.0,67.6,LMIC
Suriname,2007,27.3,16600.0,71.6,HIC
Slovak Republic,2007,7.68,24200.0,74.7,HIC
Slovenia,2007,3.78,34700.0,78.6,HIC
Sweden,2007,3.32,48200.0,81.3,HIC
Eswatini,2007,112.0,6750.0,44.9,UMIC
Seychelles,2007,13.8,21300.0,72.5,HIC
Syria,2007,17.3,6690.0,74.6,LMIC
Chad,2007,162.0,1590.0,54.8,LMIC
Togo,2007,98.0,1530.0,57.8,LMIC
Thailand,2007,15.4,13400.0,76.0,HIC
Tajikistan,2007,49.3,2130.0,67.7,UMIC
Turkmenistan,2007,66.0,10900.0,66.6,HIC
Timor-Leste,2007,72.5,2470.0,69.0,LMIC
Tonga,2007,16.8,5040.0,72.1,UMIC
Trinidad and Tobago,2007,25.5,27800.0,72.8,HIC
Tunisia,2007,20.2,9780.0,75.7,UMIC
Turkey,2007,21.6,19600.0,77.1,HIC
Tuvalu,2007,34.4,3540.0,66.1,UMIC
Taiwan,2007,6.61,37500.0,78.8,HIC
Tanzania,2007,84.4,1810.0,58.5,LMIC
Uganda,2007,94.9,1680.0,56.5,LMIC
Ukraine,2007,13.4,13300.0,68.1,UMIC
Uruguay,2007,12.7,16400.0,75.7,HIC
USA,2007,7.75,55100.0,78.2,HIC
Uzbekistan,2007,44.0,4240.0,65.3,UMIC
St. Vincent and the Grenadines,2007,22.2,12100.0,73.1,HIC
Venezuela,2007,17.4,19400.0,74.6,UMIC
Vietnam,2007,24.1,5460.0,72.9,UMIC
Vanuatu,2007,28.8,2980.0,64.0,LMIC
Samoa,2007,18.9,5470.0,69.3,UMIC
Yemen,2007,64.6,4080.0,66.5,LMIC
South Africa,2007,71.0,13200.0,53.2,UMIC
Zambia,2007,95.4,2600.0,51.9,LMIC
Zimbabwe,2007,100.0,1660.0,48.2,LMIC
Afghanistan,2008,96.0,1560.0,59.2,LMIC
Angola,2008,138.0,7860.0,58.8,UMIC
Albania,2008,15.5,9910.0,77.6,HIC
Andorra,2008,4.62,63700.0,81.8,HIC
UAE,2008,8.93,71100.0,70.4,HIC
Argentina,2008,15.3,22900.0,75.7,HIC
Armenia,2008,20.5,10200.0,73.5,HIC
Antigua and Barbuda,2008,10.8,25600.0,75.2,HIC
Australia,2008,5.21,45000.0,81.7,HIC
Austria,2008,4.54,53300.0,80.5,HIC
Azerbaijan,2008,43.1,12800.0,68.5,HIC
Burundi,2008,103.0,813.0,56.8,LIC
Belgium,2008,4.64,48000.0,79.9,HIC
Benin,2008,116.0,2660.0,60.1,LMIC
Burkina Faso,2008,129.0,1570.0,57.1,LMIC
Bangladesh,2008,55.4,3110.0,69.0,UMIC
Bulgaria,2008,11.4,18200.0,71.9,HIC
Bahrain,2008,9.35,46200.0,74.0,HIC
Bahamas,2008,13.7,35900.0,73.5,HIC
Bosnia and Herzegovina,2008,7.9,10500.0,75.9,HIC
Belarus,2008,6.55,16000.0,70.5,HIC
Belize,2008,19.9,9330.0,73.6,UMIC
Bolivia,2008,46.4,6230.0,69.8,UMIC
Brazil,2008,20.7,14100.0,73.5,HIC
Barbados,2008,15.1,17100.0,75.8,HIC
Brunei,2008,9.47,68600.0,73.8,HIC
Bhutan,2008,48.1,6790.0,70.3,UMIC
Botswana,2008,59.3,13900.0,54.7,HIC
Central African Republic,2008,157.0,1040.0,46.8,LIC
Canada,2008,5.81,45800.0,81.1,HIC
Switzerland,2008,4.72,65300.0,82.4,HIC
Chile,2008,8.89,20800.0,78.7,HIC
China,2008,18.5,7460.0,74.3,HIC
Cote d'Ivoire,2008,115.0,3530.0,56.3,UMIC
Cameroon,2008,116.0,3300.0,56.6,LMIC
"Congo, Dem. Rep.",2008,124.0,810.0,57.5,LMIC
"Congo, Rep.",2008,68.8,3950.0,59.4,LMIC
Colombia,2008,19.7,11500.0,77.6,HIC
Comoros,2008,92.4,2890.0,65.3,LMIC
Cape Verde,2008,25.8,6870.0,73.9,UMIC
Costa Rica,2008,10.3,16300.0,80.3,HIC
Cuba,2008,6.51,6870.0,78.4,UMIC
Cyprus,2008,4.03,38600.0,78.8,HIC
Czech Republic,2008,3.72,34400.0,77.3,HIC
Germany,2008,4.38,47400.0,80.2,HIC
Djibouti,2008,81.3,3170.0,62.5,UMIC
Dominica,2008,18.3,12300.0,72.7,UMIC
Denmark,2008,4.31,52200.0,79.0,HIC
Dominican Republic,2008,35.1,11900.0,73.3,HIC
Algeria,2008,29.4,10800.0,73.9,UMIC
Ecuador,2008,20.1,9170.0,73.8,UMIC
Egypt,2008,31.6,9810.0,69.3,UMIC
Eritrea,2008,59.8,1220.0,59.1,LMIC
Spain,2008,4.19,38800.0,81.4,HIC
Estonia,2008,5.43,29800.0,74.4,HIC
Ethiopia,2008,92.8,1070.0,60.8,LMIC
Finland,2008,3.36,48800.0,80.0,HIC
Fiji,2008,23.8,9900.0,67.1,UMIC
France,2008,4.34,43000.0,81.2,HIC
"Micronesia, Fed. Sts.",2008,42.5,3160.0,64.0,LMIC
Gabon,2008,68.0,13700.0,62.2,HIC
UK,2008,5.57,43100.0,80.0,HIC
Georgia,2008,17.2,8910.0,71.5,HIC
Ghana,2008,76.4,3450.0,61.0,UMIC
Guinea,2008,123.0,1870.0,56.9,LMIC
Gambia,2008,83.1,2020.0,62.9,LMIC
Guinea-Bissau,2008,126.0,1540.0,54.8,LMIC
Equatorial Guinea,2008,120.0,35700.0,62.9,UMIC
Greece,2008,3.97,37200.0,80.0,HIC
Grenada,2008,14.2,13600.0,72.5,HIC
Guatemala,2008,37.8,7370.0,69.9,UMIC
Guyana,2008,39.0,8940.0,65.3,HIC
"Hong Kong, China",2008,2.91,49800.0,82.4,HIC
Honduras,2008,25.7,4940.0,71.3,UMIC
Croatia,2008,5.9,26500.0,75.9,HIC
Haiti,2008,83.3,2980.0,60.2,LMIC
Hungary,2008,6.52,25800.0,74.2,HIC
Indonesia,2008,37.0,7610.0,68.9,UMIC
India,2008,64.7,3700.0,66.1,UMIC
Ireland,2008,4.44,55300.0,80.0,HIC
Iran,2008,21.8,14600.0,74.8,HIC
Iraq,2008,36.9,8010.0,69.3,UMIC
Iceland,2008,2.83,52200.0,82.2,HIC
Israel,2008,4.9,33600.0,81.0,HIC
Italy,2008,4.14,44000.0,81.6,HIC
Jamaica,2008,19.2,10300.0,75.2,UMIC
Jordan,2008,21.5,11400.0,76.2,UMIC
Japan,2008,3.41,38600.0,83.1,HIC
Kazakhstan,2008,24.6,20000.0,66.3,HIC
Kenya,2008,63.9,3520.0,59.4,UMIC
Kyrgyz Republic,2008,33.8,4170.0,68.3,UMIC
Cambodia,2008,51.8,2640.0,65.9,UMIC
Kiribati,2008,66.2,1460.0,58.4,LMIC
St. Kitts and Nevis,2008,15.6,25900.0,72.0,HIC
South Korea,2008,4.53,32299.999999999996,80.2,HIC
Kuwait,2008,10.9,69200.0,78.1,HIC
Lao,2008,75.0,4230.0,63.6,UMIC
Lebanon,2008,11.4,16400.0,75.4,UMIC
Liberia,2008,106.0,1330.0,61.1,LMIC
Libya,2008,18.8,26900.0,75.9,HIC
St. Lucia,2008,18.6,14700.0,75.3,HIC
Sri Lanka,2008,12.4,8380.0,73.3,UMIC
Lesotho,2008,116.0,2320.0,46.3,LMIC
Lithuania,2008,7.38,26600.0,71.4,HIC
Luxembourg,2008,3.2,113000.0,80.6,HIC
Latvia,2008,8.82,25000.0,72.1,HIC
Morocco,2008,35.0,6500.0,71.4,UMIC
Monaco,2008,4.18,195000.0,79.1,HIC
Moldova,2008,17.7,8190.0,69.9,UMIC
Madagascar,2008,72.8,1660.0,62.1,LMIC
Maldives,2008,16.2,18000.0,77.2,HIC
Mexico,2008,18.4,19300.0,75.2,HIC
Marshall Islands,2008,39.3,3410.0,63.6,UMIC
North Macedonia,2008,11.7,12100.0,72.9,HIC
Mali,2008,141.0,1940.0,57.6,LMIC
Malta,2008,6.78,31100.0,80.6,HIC
Myanmar,2008,88.9,2570.0,57.7,LMIC
Montenegro,2008,8.01,17300.0,74.3,HIC
Mongolia,2008,31.4,7360.0,64.5,UMIC
Mozambique,2008,114.0,972.0,53.4,LMIC
Mauritania,2008,103.0,5010.0,67.4,UMIC
Mauritius,2008,15.8,16200.0,73.7,HIC
Malawi,2008,97.8,1240.0,53.4,LMIC
Malaysia,2008,7.89,19800.0,74.3,HIC
Namibia,2008,54.1,8820.0,59.2,UMIC
Niger,2008,140.0,995.0,58.3,LMIC
Nigeria,2008,142.0,4400.0,58.5,UMIC
Nicaragua,2008,22.3,4670.0,74.0,UMIC
Netherlands,2008,4.77,53100.0,80.5,HIC
Norway,2008,3.54,64599.99999999999,80.9,HIC
Nepal,2008,52.0,2470.0,68.5,LMIC
Nauru,2008,39.3,6930.0,59.3,UMIC
New Zealand,2008,6.28,38000.0,80.4,HIC
Oman,2008,12.0,41300.0,70.0,HIC
Pakistan,2008,92.4,4080.0,62.9,UMIC
Panama,2008,21.1,21400.0,78.4,HIC
Peru,2008,22.3,9300.0,78.5,UMIC
Philippines,2008,32.8,5610.0,70.4,UMIC
Palau,2008,24.5,15200.0,67.0,HIC
Papua New Guinea,2008,61.0,3000.0,62.5,LMIC
Poland,2008,6.67,22300.0,75.6,HIC
North Korea,2008,31.8,2050.0,70.5,LMIC
Portugal,2008,4.08,32299.999999999996,79.7,HIC
Paraguay,2008,27.7,10300.0,76.0,HIC
Palestine,2008,24.3,4960.0,69.3,UMIC
Qatar,2008,9.5,92800.0,72.5,HIC
Romania,2008,13.0,22100.0,73.4,HIC
Russia,2008,11.2,25100.0,67.7,HIC
Rwanda,2008,78.6,1360.0,62.6,LMIC
Saudi Arabia,2008,13.8,42000.0,71.4,HIC
Sudan,2008,80.4,4960.0,66.8,LMIC
Senegal,2008,75.5,2800.0,65.0,LMIC
Singapore,2008,2.84,70700.0,82.1,HIC
Solomon Islands,2008,27.2,2170.0,57.1,LMIC
Sierra Leone,2008,180.0,1350.0,54.7,LMIC
El Salvador,2008,21.3,7450.0,74.7,UMIC
San Marino,2008,3.32,86900.0,81.8,HIC
Somalia,2008,166.0,902.0,54.3,LIC
Serbia,2008,7.95,14600.0,73.5,HIC
South Sudan,2008,121.0,1050.0,60.0,LIC
Sao Tome and Principe,2008,51.2,3460.0,67.9,LMIC
Suriname,2008,26.4,17100.0,71.7,HIC
Slovak Republic,2008,7.43,25500.0,75.0,HIC
Slovenia,2008,3.58,35900.0,79.1,HIC
Sweden,2008,3.21,47600.0,81.5,HIC
Eswatini,2008,108.0,6770.0,45.5,UMIC
Seychelles,2008,13.9,20300.0,72.8,HIC
Syria,2008,16.7,6710.0,74.4,LMIC
Chad,2008,158.0,1580.0,55.2,LMIC
Togo,2008,95.1,1550.0,58.1,LMIC
Thailand,2008,14.7,13500.0,76.5,HIC
Tajikistan,2008,46.8,2240.0,67.9,UMIC
Turkmenistan,2008,63.9,12400.0,67.3,HIC
Timor-Leste,2008,68.5,2630.0,69.5,LMIC
Tonga,2008,17.0,5260.0,72.1,UMIC
Trinidad and Tobago,2008,24.8,28500.0,72.4,HIC
Tunisia,2008,19.4,10100.0,75.9,UMIC
Turkey,2008,20.0,19600.0,77.0,HIC
Tuvalu,2008,33.5,3740.0,66.3,UMIC
Taiwan,2008,6.43,37600.0,79.0,HIC
Tanzania,2008,79.9,1860.0,59.6,LMIC
Uganda,2008,88.5,1770.0,57.6,LMIC
Ukraine,2008,12.9,13700.0,68.3,UMIC
Uruguay,2008,11.9,17600.0,76.2,HIC
USA,2008,7.61,54600.0,78.4,HIC
Uzbekistan,2008,41.4,4520.0,65.7,UMIC
St. Vincent and the Grenadines,2008,21.9,12200.0,73.1,HIC
Venezuela,2008,17.1,20100.0,74.4,UMIC
Vietnam,2008,23.7,5730.0,73.0,UMIC
Vanuatu,2008,29.0,3060.0,64.1,LMIC
Samoa,2008,18.9,5610.0,69.5,UMIC
Yemen,2008,61.0,4090.0,66.9,LMIC
South Africa,2008,64.8,13500.0,54.3,UMIC
Zambia,2008,90.4,2710.0,54.1,LMIC
Zimbabwe,2008,97.0,1350.0,48.9,LMIC
Afghanistan,2009,91.9,1820.0,59.9,LMIC
Angola,2009,129.0,7650.0,59.5,UMIC
Albania,2009,14.4,10300.0,78.0,HIC
Andorra,2009,4.39,64500.0,81.8,HIC
UAE,2009,8.69,59000.0,70.6,HIC
Argentina,2009,14.9,21300.0,75.8,HIC
Armenia,2009,19.5,8820.0,73.6,HIC
Antigua and Barbuda,2009,10.2,22100.0,75.8,HIC
Australia,2009,4.99,44800.0,81.9,HIC
Austria,2009,4.44,51200.0,80.5,HIC
Azerbaijan,2009,40.3,13600.0,68.8,HIC
Burundi,2009,96.8,802.0,57.7,LIC
Belgium,2009,4.55,46700.0,80.0,HIC
Benin,2009,113.0,2650.0,60.7,LMIC
Burkina Faso,2009,122.0,1570.0,57.6,LMIC
Bangladesh,2009,52.2,3250.0,69.6,UMIC
Bulgaria,2009,11.1,17800.0,72.1,HIC
Bahrain,2009,8.92,44900.0,74.5,HIC
Bahamas,2009,13.3,33900.0,73.2,HIC
Bosnia and Herzegovina,2009,7.53,10400.0,76.1,HIC
Belarus,2009,6.0,16000.0,70.6,HIC
Belize,2009,19.4,9040.0,73.7,UMIC
Bolivia,2009,43.7,6340.0,70.1,UMIC
Brazil,2009,19.6,14000.0,73.7,HIC
Barbados,2009,14.8,16200.0,76.1,HIC
Brunei,2009,9.55,66100.0,73.8,HIC
Bhutan,2009,45.1,7230.0,70.5,UMIC
Botswana,2009,55.5,11700.0,56.1,HIC
Central African Republic,2009,154.0,1100.0,47.4,LIC
Canada,2009,5.73,43900.0,81.4,HIC
Switzerland,2009,4.63,63000.0,82.5,HIC
Chile,2009,8.83,20400.0,78.6,HIC
China,2009,17.0,8090.0,74.7,HIC
Cote d'Ivoire,2009,111.0,3590.0,57.0,UMIC
Cameroon,2009,112.0,3300.0,57.2,LMIC
"Congo, Dem. Rep.",2009,120.0,810.0,58.0,LMIC
"Congo, Rep.",2009,65.1,4210.0,60.3,LMIC
Colombia,2009,19.1,11500.0,77.5,HIC
Comoros,2009,89.8,2950.0,64.8,LMIC
Cape Verde,2009,25.4,6700.0,74.1,UMIC
Costa Rica,2009,10.2,16000.0,80.6,HIC
Cuba,2009,6.32,7150.0,78.5,UMIC
Cyprus,2009,3.79,36900.0,79.1,HIC
Czech Republic,2009,3.54,32700.000000000004,77.6,HIC
Germany,2009,4.27,44900.0,80.3,HIC
Djibouti,2009,78.7,3180.0,62.9,UMIC
Dominica,2009,19.6,12200.0,72.7,UMIC
Denmark,2009,4.19,49400.0,79.2,HIC
Dominican Republic,2009,34.6,11900.0,73.4,HIC
Algeria,2009,28.3,10700.0,74.2,UMIC
Ecuador,2009,19.2,9100.0,74.1,UMIC
Egypt,2009,30.2,10000.0,69.3,UMIC
Eritrea,2009,57.5,1330.0,59.6,LMIC
Spain,2009,4.01,37000.0,81.8,HIC
Estonia,2009,4.98,25500.0,75.2,HIC
Ethiopia,2009,87.7,1130.0,61.9,LMIC
Finland,2009,3.21,44700.0,80.2,HIC
Fiji,2009,23.9,9730.0,67.5,UMIC
France,2009,4.31,41600.0,81.4,HIC
"Micronesia, Fed. Sts.",2009,41.2,3220.0,64.0,LMIC
Gabon,2009,65.4,13300.0,62.7,HIC
UK,2009,5.37,40800.0,80.3,HIC
Georgia,2009,15.6,8650.0,71.7,HIC
Ghana,2009,73.2,3530.0,61.3,UMIC
Guinea,2009,120.0,1810.0,57.1,LMIC
Gambia,2009,80.0,2090.0,63.3,LMIC
Guinea-Bissau,2009,120.0,1540.0,55.5,LMIC
Equatorial Guinea,2009,116.0,34300.0,63.5,UMIC
Greece,2009,3.91,35500.0,80.2,HIC
Grenada,2009,14.2,12600.0,72.5,HIC
Guatemala,2009,36.4,7260.0,69.9,UMIC
Guyana,2009,38.2,9350.0,65.9,HIC
"Hong Kong, China",2009,2.82,48400.0,82.6,HIC
Honduras,2009,24.6,4720.0,71.3,UMIC
Croatia,2009,5.67,24700.0,76.5,HIC
Haiti,2009,81.5,3130.0,60.7,LMIC
Hungary,2009,6.22,24100.0,74.4,HIC
Indonesia,2009,35.5,7850.0,69.1,UMIC
India,2009,61.4,3920.0,66.8,UMIC
Ireland,2009,4.3,51900.0,80.2,HIC
Iran,2009,20.7,14500.0,75.1,HIC
Iraq,2009,35.8,7970.0,70.1,UMIC
Iceland,2009,2.72,48100.0,82.4,HIC
Israel,2009,4.72,33100.0,81.4,HIC
Italy,2009,4.06,41500.0,81.8,HIC
Jamaica,2009,18.8,9860.0,74.6,UMIC
Jordan,2009,20.9,11700.0,76.7,UMIC
Japan,2009,3.3,36400.0,83.3,HIC
Kazakhstan,2009,22.4,19800.0,67.3,HIC
Kenya,2009,59.6,3540.0,60.3,UMIC
Kyrgyz Republic,2009,31.6,4240.0,69.3,UMIC
Cambodia,2009,47.9,2590.0,66.5,UMIC
Kiribati,2009,65.6,1430.0,58.6,LMIC
St. Kitts and Nevis,2009,15.1,24900.0,72.1,HIC
South Korea,2009,4.31,32400.0,80.5,HIC
Kuwait,2009,10.7,60900.0,78.7,HIC
Lao,2009,71.5,4480.0,64.2,UMIC
Lebanon,2009,10.8,17900.0,75.5,UMIC
Liberia,2009,101.0,1370.0,61.5,LMIC
Libya,2009,17.6,25200.0,75.7,HIC
St. Lucia,2009,18.6,14300.0,75.5,HIC
Sri Lanka,2009,12.0,8590.0,73.4,UMIC
Lesotho,2009,107.0,2270.0,47.4,LMIC
Lithuania,2009,6.69,23000.0,73.0,HIC
Luxembourg,2009,3.08,109000.0,80.8,HIC
Latvia,2009,8.34,21800.0,72.9,HIC
Morocco,2009,33.5,6640.0,71.6,UMIC
Monaco,2009,4.09,177000.0,79.2,HIC
Moldova,2009,17.4,7760.0,70.1,UMIC
Madagascar,2009,70.0,1550.0,62.3,LMIC
Maldives,2009,14.9,16000.0,77.5,HIC
Mexico,2009,17.9,17900.0,75.0,HIC
Marshall Islands,2009,39.1,3550.0,63.8,UMIC
North Macedonia,2009,10.9,12100.0,73.0,HIC
Mali,2009,136.0,1980.0,58.0,LMIC
Malta,2009,6.79,30500.0,80.8,HIC
Myanmar,2009,66.0,2800.0,64.0,LMIC
Montenegro,2009,7.21,16300.0,74.4,HIC
Mongolia,2009,28.6,7180.0,64.8,UMIC
Mozambique,2009,108.0,1000.0,53.5,LMIC
Mauritania,2009,99.8,4910.0,67.8,UMIC
Mauritius,2009,15.4,16600.0,73.8,HIC
Malawi,2009,93.2,1300.0,55.0,LMIC
Malaysia,2009,7.91,19100.0,74.2,HIC
Namibia,2009,50.7,8720.0,60.1,UMIC
Niger,2009,131.0,978.0,58.7,LMIC
Nigeria,2009,138.0,4630.0,59.0,UMIC
Nicaragua,2009,21.3,4460.0,74.1,UMIC
Netherlands,2009,4.6,50900.0,80.8,HIC
Norway,2009,3.38,62300.0,81.1,HIC
Nepal,2009,49.4,2570.0,68.8,LMIC
Nauru,2009,39.3,6570.0,59.6,UMIC
New Zealand,2009,6.21,37700.0,80.6,HIC
Oman,2009,11.8,43000.0,70.2,HIC
Pakistan,2009,90.0,4120.0,63.1,UMIC
Panama,2009,20.5,21300.0,78.4,HIC
Peru,2009,21.1,9320.0,77.4,UMIC
Philippines,2009,32.4,5580.0,70.4,UMIC
Palau,2009,23.9,14300.0,67.0,HIC
Papua New Guinea,2009,59.6,3100.0,62.6,LMIC
Poland,2009,6.32,22900.0,75.9,HIC
North Korea,2009,31.0,2020.0,70.7,LMIC
Portugal,2009,3.96,31300.0,79.9,HIC
Paraguay,2009,26.8,10200.0,75.8,HIC
Palestine,2009,23.8,5250.0,69.8,UMIC
Qatar,2009,9.2,92900.0,72.8,HIC
Romania,2009,12.0,21100.0,73.5,HIC
Russia,2009,10.7,23200.0,68.7,HIC
Rwanda,2009,70.7,1410.0,63.4,LMIC
Saudi Arabia,2009,12.9,39700.0,71.6,HIC
Sudan,2009,78.1,4700.0,67.0,LMIC
Senegal,2009,70.7,2810.0,65.4,LMIC
Singapore,2009,2.83,68900.0,82.5,HIC
Solomon Islands,2009,26.5,2180.0,57.1,LMIC
Sierra Leone,2009,172.0,1350.0,55.3,LMIC
El Salvador,2009,20.2,7250.0,74.1,UMIC
San Marino,2009,3.08,76800.0,81.8,HIC
Somalia,2009,162.0,942.0,54.6,LIC
Serbia,2009,7.79,14300.0,73.6,HIC
South Sudan,2009,115.0,1060.0,59.8,LIC
Sao Tome and Principe,2009,48.2,3490.0,68.6,LMIC
Suriname,2009,25.5,17500.0,72.1,HIC
Slovak Republic,2009,7.19,24100.0,75.3,HIC
Slovenia,2009,3.39,32900.0,79.4,HIC
Sweden,2009,3.13,45200.0,81.7,HIC
Eswatini,2009,100.0,6830.0,46.4,UMIC
Seychelles,2009,14.0,19700.0,72.9,HIC
Syria,2009,16.3,6980.0,74.7,LMIC
Chad,2009,154.0,1590.0,56.0,LMIC
Togo,2009,92.3,1590.0,58.7,LMIC
Thailand,2009,14.0,13300.0,76.9,HIC
Tajikistan,2009,44.8,2270.0,68.0,UMIC
Turkmenistan,2009,61.9,12900.0,68.8,HIC
Timor-Leste,2009,65.2,2770.0,69.8,LMIC
Tonga,2009,17.2,4980.0,70.0,UMIC
Trinidad and Tobago,2009,24.1,27000.0,73.2,HIC
Tunisia,2009,18.9,10300.0,76.0,UMIC
Turkey,2009,18.6,18400.0,76.8,HIC
Tuvalu,2009,32.5,3460.0,66.5,UMIC
Taiwan,2009,5.64,36900.0,79.4,HIC
Tanzania,2009,76.1,1910.0,60.3,LMIC
Uganda,2009,82.9,1830.0,58.5,LMIC
Ukraine,2009,12.3,11700.0,70.0,UMIC
Uruguay,2009,11.2,18300.0,76.5,HIC
USA,2009,7.47,52600.0,78.6,HIC
Uzbekistan,2009,38.9,4770.0,66.2,UMIC
St. Vincent and the Grenadines,2009,21.4,12100.0,73.0,HIC
Venezuela,2009,17.0,19200.0,74.6,UMIC
Vietnam,2009,23.4,5990.0,73.1,UMIC
Vanuatu,2009,29.2,3080.0,64.2,LMIC
Samoa,2009,24.2,5520.0,67.5,UMIC
Yemen,2009,58.0,4110.0,67.2,LMIC
South Africa,2009,58.0,13200.0,55.7,UMIC
Zambia,2009,85.1,2850.0,55.7,LMIC
Zimbabwe,2009,92.7,1500.0,50.2,LMIC
Afghanistan,2010,88.0,2030.0,60.5,LMIC
Angola,2010,120.0,7690.0,60.2,UMIC
Albania,2010,13.3,10700.0,78.1,HIC
Andorra,2010,4.18,60500.0,81.8,HIC
UAE,2010,8.48,56400.0,70.8,HIC
Argentina,2010,14.4,23400.0,75.9,HIC
Armenia,2010,18.5,9060.0,73.9,HIC
Antigua and Barbuda,2010,9.59,20100.0,75.9,HIC
Australia,2010,4.77,45000.0,82.1,HIC
Austria,2010,4.33,52100.0,80.8,HIC
Azerbaijan,2010,37.6,14100.0,69.0,HIC
Burundi,2010,90.7,804.0,58.5,LIC
Belgium,2010,4.46,47600.0,80.2,HIC
Benin,2010,111.0,2630.0,61.1,LMIC
Burkina Faso,2010,114.0,1660.0,57.9,LMIC
Bangladesh,2010,49.1,3400.0,70.0,UMIC
Bulgaria,2010,10.7,18200.0,72.3,HIC
Bahrain,2010,8.53,45600.0,75.0,HIC
Bahamas,2010,12.9,33900.0,73.2,HIC
Bosnia and Herzegovina,2010,7.18,10600.0,76.3,HIC
Belarus,2010,5.52,17300.0,70.6,HIC
Belize,2010,18.9,8930.0,73.6,UMIC
Bolivia,2010,41.1,6500.0,70.3,UMIC
Brazil,2010,18.7,14900.0,73.8,HIC
Barbados,2010,14.6,15900.0,76.2,HIC
Brunei,2010,9.66,66500.0,73.8,HIC
Bhutan,2010,42.5,8010.0,71.0,UMIC
Botswana,2010,49.8,12600.0,57.0,HIC
Central African Republic,2010,150.0,1130.0,47.8,LIC
Canada,2010,5.65,44700.0,81.6,HIC
Switzerland,2010,4.55,64400.00000000001,82.8,HIC
Chile,2010,8.7,21300.0,78.6,HIC
China,2010,15.8,8880.0,74.9,HIC
Cote d'Ivoire,2010,107.0,3770.0,57.4,UMIC
Cameroon,2010,107.0,3310.0,57.7,LMIC
"Congo, Dem. Rep.",2010,115.0,842.0,58.8,LMIC
"Congo, Rep.",2010,62.5,4410.0,60.9,LMIC
Colombia,2010,18.5,11900.0,77.9,HIC
Comoros,2010,87.1,3030.0,65.9,LMIC
Cape Verde,2010,24.9,6750.0,74.4,UMIC
Costa Rica,2010,10.1,16600.0,79.5,HIC
Cuba,2010,6.15,7530.0,78.5,UMIC
Cyprus,2010,3.57,36900.0,79.5,HIC
Czech Republic,2010,3.38,33500.0,77.8,HIC
Germany,2010,4.18,46800.0,80.5,HIC
Djibouti,2010,76.4,3270.0,63.2,UMIC
Dominica,2010,21.2,12300.0,72.4,UMIC
Denmark,2010,4.11,50100.0,79.5,HIC
Dominican Republic,2010,34.2,12700.0,73.5,HIC
Algeria,2010,27.4,11000.0,74.5,UMIC
Ecuador,2010,18.3,9290.0,74.3,UMIC
Egypt,2010,29.0,10300.0,69.4,UMIC
Eritrea,2010,55.4,1440.0,60.0,LMIC
Spain,2010,3.85,36900.0,82.1,HIC
Estonia,2010,4.57,26200.0,76.3,HIC
Ethiopia,2010,82.9,1240.0,63.0,LMIC
Finland,2010,3.06,46000.0,80.4,HIC
Fiji,2010,23.9,10000.0,67.6,UMIC
France,2010,4.27,42200.0,81.6,HIC
"Micronesia, Fed. Sts.",2010,39.9,3290.0,64.0,LMIC
Gabon,2010,62.8,13700.0,63.3,HIC
UK,2010,5.16,41400.0,80.6,HIC
Georgia,2010,14.2,9250.0,71.9,HIC
Ghana,2010,69.9,3720.0,61.8,UMIC
Guinea,2010,117.0,1860.0,57.6,LMIC
Gambia,2010,77.1,2150.0,63.7,LMIC
Guinea-Bissau,2010,114.0,1590.0,56.2,LMIC
Equatorial Guinea,2010,112.0,29600.0,63.5,UMIC
Greece,2010,3.91,33600.0,80.4,HIC
Grenada,2010,14.2,12500.0,72.5,HIC
Guatemala,2010,35.0,7340.0,70.3,UMIC
Guyana,2010,37.4,9840.0,65.8,HIC
"Hong Kong, China",2010,2.74,51400.0,83.0,HIC
Honduras,2010,23.6,4790.0,71.1,UMIC
Croatia,2010,5.47,24500.0,76.8,HIC
Haiti,2010,209.0,2940.0,32.5,LMIC
Hungary,2010,6.0,24500.0,74.8,HIC
Indonesia,2010,34.1,8210.0,69.3,UMIC
India,2010,58.2,4190.0,67.3,UMIC
Ireland,2010,4.17,52500.0,80.8,HIC
Iran,2010,19.7,15100.0,75.5,HIC
Iraq,2010,34.8,8180.0,70.6,UMIC
Iceland,2010,2.62,46900.0,82.6,HIC
Israel,2010,4.56,34400.0,81.9,HIC
Italy,2010,3.97,42200.0,82.1,HIC
Jamaica,2010,18.3,9700.0,76.3,UMIC
Jordan,2010,20.3,11600.0,76.9,UMIC
Japan,2010,3.2,37900.0,83.3,HIC
Kazakhstan,2010,20.2,21000.0,67.6,HIC
Kenya,2010,56.5,3740.0,61.2,UMIC
Kyrgyz Republic,2010,29.6,4160.0,69.6,UMIC
Cambodia,2010,44.3,2710.0,66.9,UMIC
Kiribati,2010,64.7,1410.0,58.8,LMIC
St. Kitts and Nevis,2010,14.7,24800.0,72.2,HIC
South Korea,2010,4.13,34400.0,80.8,HIC
Kuwait,2010,10.4,56200.0,80.1,HIC
Lao,2010,68.1,4790.0,64.9,UMIC
Lebanon,2010,10.2,19200.0,75.6,UMIC
Liberia,2010,96.7,1420.0,61.9,LMIC
Libya,2010,16.6,25900.0,76.2,HIC
St. Lucia,2010,18.6,14300.0,75.6,HIC
Sri Lanka,2010,11.6,9190.0,74.0,UMIC
Lesotho,2010,100.0,2370.0,48.1,LMIC
Lithuania,2010,6.04,23900.0,73.2,HIC
Luxembourg,2010,2.99,112000.0,81.0,HIC
Latvia,2010,7.81,21300.0,73.3,HIC
Morocco,2010,32.0,6770.0,71.9,UMIC
Monaco,2010,4.0,182000.0,79.2,HIC
Moldova,2010,17.2,8370.0,70.0,UMIC
Madagascar,2010,67.3,1510.0,62.6,LMIC
Maldives,2010,13.8,16500.0,77.8,HIC
Mexico,2010,17.4,18500.0,75.3,HIC
Marshall Islands,2010,38.9,3760.0,64.0,UMIC
North Macedonia,2010,10.2,12600.0,73.4,HIC
Mali,2010,131.0,2020.0,58.4,LMIC
Malta,2010,6.81,32100.0,81.1,HIC
Myanmar,2010,63.3,3030.0,64.8,LMIC
Montenegro,2010,6.44,16800.0,74.7,HIC
Mongolia,2010,26.1,7520.0,65.1,UMIC
Mozambique,2010,105.0,1040.0,53.5,LMIC
Mauritania,2010,97.1,4930.0,68.1,UMIC
Mauritius,2010,15.2,17300.0,74.2,HIC
Malawi,2010,88.4,1350.0,56.3,LMIC
Malaysia,2010,7.94,20100.0,74.4,HIC
Namibia,2010,48.3,9110.0,60.9,UMIC
Niger,2010,123.0,1020.0,59.0,LMIC
Nigeria,2010,135.0,4860.0,59.6,UMIC
Nicaragua,2010,20.4,4590.0,74.4,UMIC
Netherlands,2010,4.46,51400.0,81.0,HIC
Norway,2010,3.23,61700.0,81.3,HIC
Nepal,2010,46.8,2680.0,69.0,LMIC
Nauru,2010,39.0,6570.0,60.0,UMIC
New Zealand,2010,6.14,37800.0,80.9,HIC
Oman,2010,11.7,40800.0,70.4,HIC
Pakistan,2010,87.5,4080.0,63.3,UMIC
Panama,2010,19.9,22200.0,78.5,HIC
Peru,2010,20.1,10000.0,77.3,UMIC
Philippines,2010,32.0,5880.0,70.6,UMIC
Palau,2010,23.2,14300.0,67.0,HIC
Papua New Guinea,2010,58.2,3310.0,62.8,LMIC
Poland,2010,5.98,23700.0,76.5,HIC
North Korea,2010,29.5,2000.0,70.9,LMIC
Portugal,2010,3.87,31800.0,80.2,HIC
Paraguay,2010,26.0,11300.0,75.7,HIC
Palestine,2010,23.3,5410.0,73.7,UMIC
Qatar,2010,9.0,104000.0,73.4,HIC
Romania,2010,11.5,20400.0,73.8,HIC
Russia,2010,10.3,24200.0,68.8,HIC
Rwanda,2010,63.5,1470.0,64.5,LMIC
Saudi Arabia,2010,12.1,40300.0,71.8,HIC
Sudan,2010,75.9,4750.0,67.4,LMIC
Senegal,2010,66.4,2830.0,65.7,LMIC
Singapore,2010,2.81,77700.0,82.8,HIC
Solomon Islands,2010,25.7,2340.0,57.4,LMIC
Sierra Leone,2010,163.0,1400.0,56.0,LMIC
El Salvador,2010,19.3,7370.0,75.2,UMIC
San Marino,2010,2.86,71200.0,81.9,HIC
Somalia,2010,157.0,984.0,53.9,LIC
Serbia,2010,7.61,14500.0,74.1,HIC
South Sudan,2010,109.0,1060.0,60.6,LIC
Sao Tome and Principe,2010,45.4,3460.0,69.0,LMIC
Suriname,2010,24.7,18200.0,72.3,HIC
Slovak Republic,2010,6.97,25700.0,75.8,HIC
Slovenia,2010,3.21,33300.0,79.7,HIC
Sweden,2010,3.06,47400.0,81.9,HIC
Eswatini,2010,88.7,7040.0,48.0,UMIC
Seychelles,2010,14.1,20000.0,73.2,HIC
Syria,2010,16.1,7170.0,74.7,LMIC
Chad,2010,150.0,1740.0,56.5,LMIC
Togo,2010,89.6,1640.0,59.5,LMIC
Thailand,2010,13.3,14200.0,77.0,HIC
Tajikistan,2010,43.2,2360.0,68.0,UMIC
Turkmenistan,2010,59.9,14700.0,69.5,HIC
Timor-Leste,2010,62.3,2910.0,70.0,LMIC
Tonga,2010,17.4,5000.0,72.2,UMIC
Trinidad and Tobago,2010,23.4,27600.0,73.7,HIC
Tunisia,2010,18.4,10400.0,76.2,UMIC
Turkey,2010,17.3,19600.0,76.7,HIC
Tuvalu,2010,31.5,3330.0,66.6,UMIC
Taiwan,2010,5.38,40500.0,79.7,HIC
Tanzania,2010,72.3,1970.0,61.1,LMIC
Uganda,2010,77.4,1880.0,59.3,LMIC
Ukraine,2010,11.7,12200.0,70.8,UMIC
Uruguay,2010,10.7,19700.0,76.5,HIC
USA,2010,7.33,53600.0,78.9,HIC
Uzbekistan,2010,36.4,4950.0,66.5,UMIC
St. Vincent and the Grenadines,2010,20.9,11600.0,73.1,HIC
Venezuela,2010,17.0,18600.0,75.3,UMIC
Vietnam,2010,23.1,6330.0,73.2,UMIC
Vanuatu,2010,29.4,3040.0,64.4,LMIC
Samoa,2010,18.7,5810.0,69.6,UMIC
Yemen,2010,56.0,4280.0,67.6,LMIC
South Africa,2010,52.5,13400.0,57.1,UMIC
Zambia,2010,80.3,3040.0,56.5,LMIC
Zimbabwe,2010,86.3,1800.0,52.3,LMIC
Afghanistan,2011,84.1,1960.0,61.0,LMIC
Angola,2011,113.0,7660.0,60.8,UMIC
Albania,2011,12.3,11100.0,78.1,HIC
Andorra,2011,3.98,60900.0,81.9,HIC
UAE,2011,8.28,59200.0,71.0,HIC
Argentina,2011,13.9,24600.0,76.0,HIC
Armenia,2011,17.6,9540.0,74.2,HIC
Antigua and Barbuda,2011,9.04,19400.0,76.0,HIC
Australia,2011,4.54,45500.0,82.3,HIC
Austria,2011,4.2,53500.0,81.0,HIC
Azerbaijan,2011,35.1,13900.0,69.2,HIC
Burundi,2011,85.2,808.0,59.4,LIC
Belgium,2011,4.37,47800.0,80.4,HIC
Benin,2011,109.0,2630.0,61.4,LMIC
Burkina Faso,2011,108.0,1710.0,58.3,LMIC
Bangladesh,2011,46.2,3570.0,71.1,UMIC
Bulgaria,2011,10.3,18700.0,72.7,HIC
Bahrain,2011,8.23,46600.0,75.3,HIC
Bahamas,2011,12.5,33700.0,73.2,HIC
Bosnia and Herzegovina,2011,6.87,10900.0,76.4,HIC
Belarus,2011,5.11,18300.0,70.5,HIC
Belize,2011,18.3,8700.0,73.8,UMIC
Bolivia,2011,38.7,6720.0,70.5,UMIC
Brazil,2011,17.9,15300.0,74.0,HIC
Barbados,2011,14.4,15700.0,76.2,HIC
Brunei,2011,9.8,68000.0,73.9,HIC
Bhutan,2011,40.2,8580.0,71.3,UMIC
Botswana,2011,48.8,13200.0,57.8,HIC
Central African Republic,2011,146.0,1160.0,48.3,LIC
Canada,2011,5.58,45700.0,81.9,HIC
Switzerland,2011,4.49,64800.0,83.0,HIC
Chile,2011,8.55,22400.0,79.0,HIC
China,2011,14.6,9680.0,75.3,HIC
Cote d'Ivoire,2011,104.0,3490.0,57.8,UMIC
Cameroon,2011,103.0,3320.0,58.2,LMIC
"Congo, Dem. Rep.",2011,111.0,870.0,59.4,LMIC
"Congo, Rep.",2011,60.6,4370.0,61.6,LMIC
Colombia,2011,17.9,12600.0,78.7,HIC
Comoros,2011,84.8,3080.0,65.7,LMIC
Cape Verde,2011,24.3,6930.0,74.5,UMIC
Costa Rica,2011,9.93,17200.0,80.2,HIC
Cuba,2011,5.98,7930.0,79.1,UMIC
Cyprus,2011,3.37,36100.0,79.8,HIC
Czech Republic,2011,3.25,34000.0,78.0,HIC
Germany,2011,4.09,49600.0,80.7,HIC
Djibouti,2011,74.1,3450.0,63.6,UMIC
Dominica,2011,23.0,12300.0,72.4,UMIC
Denmark,2011,4.07,50600.0,79.9,HIC
Dominican Republic,2011,33.8,12900.0,73.4,HIC
Algeria,2011,26.7,11100.0,74.7,UMIC
Ecuador,2011,17.5,9920.0,74.9,UMIC
Egypt,2011,27.8,10300.0,69.6,UMIC
Eritrea,2011,53.4,1780.0,60.4,LMIC
Spain,2011,3.71,36500.0,82.3,HIC
Estonia,2011,4.22,28200.0,76.3,HIC
Ethiopia,2011,78.5,1340.0,64.0,LMIC
Finland,2011,2.9,46900.0,80.7,HIC
Fiji,2011,23.9,10200.0,67.7,UMIC
France,2011,4.24,42900.0,81.8,HIC
"Micronesia, Fed. Sts.",2011,38.6,3390.0,64.1,LMIC
Gabon,2011,60.4,14100.0,63.7,HIC
UK,2011,4.96,41600.0,80.8,HIC
Georgia,2011,13.0,10100.0,72.2,HIC
Ghana,2011,66.6,4140.0,62.4,UMIC
Guinea,2011,115.0,1910.0,57.9,LMIC
Gambia,2011,74.3,1920.0,64.2,LMIC
Guinea-Bissau,2011,108.0,1670.0,56.9,LMIC
Equatorial Guinea,2011,108.0,30100.0,63.1,UMIC
Greece,2011,3.97,30200.0,80.5,HIC
Grenada,2011,14.3,12500.0,72.6,HIC
Guatemala,2011,33.7,7500.0,70.7,UMIC
Guyana,2011,36.6,10400.0,65.7,HIC
"Hong Kong, China",2011,2.65,53500.0,83.2,HIC
Honduras,2011,22.7,4880.0,71.0,UMIC
Croatia,2011,5.3,24500.0,77.1,HIC
Haiti,2011,78.0,3060.0,60.0,LMIC
Hungary,2011,5.86,25000.0,75.1,HIC
Indonesia,2011,32.8,8610.0,69.6,UMIC
India,2011,55.1,4350.0,67.6,UMIC
Ireland,2011,4.07,52900.0,80.8,HIC
Iran,2011,18.8,15300.0,75.8,HIC
Iraq,2011,33.7,8500.0,71.0,UMIC
Iceland,2011,2.52,47600.0,82.8,HIC
Israel,2011,4.4,35600.0,82.0,HIC
Italy,2011,3.88,42400.0,82.2,HIC
Jamaica,2011,17.8,9830.0,75.8,UMIC
Jordan,2011,19.8,11700.0,77.2,UMIC
Japan,2011,3.4,37900.0,83.2,HIC
Kazakhstan,2011,18.2,22200.0,68.1,HIC
Kenya,2011,54.1,3820.0,62.0,UMIC
Kyrgyz Republic,2011,27.7,4360.0,70.3,UMIC
Cambodia,2011,41.0,2860.0,67.4,UMIC
Kiribati,2011,63.5,1430.0,59.0,LMIC
St. Kitts and Nevis,2011,14.4,25100.0,72.3,HIC
South Korea,2011,3.98,35400.0,81.2,HIC
Kuwait,2011,10.0,57700.0,80.9,HIC
Lao,2011,64.8,5100.0,65.6,UMIC
Lebanon,2011,9.76,19200.0,75.7,UMIC
Liberia,2011,92.5,1480.0,62.4,LMIC
Libya,2011,17.6,13500.0,73.2,HIC
St. Lucia,2011,18.5,14800.0,76.0,HIC
Sri Lanka,2011,11.2,9900.0,75.3,UMIC
Lesotho,2011,97.8,2460.0,48.2,LMIC
Lithuania,2011,5.51,25900.0,73.7,HIC
Luxembourg,2011,2.9,110000.0,81.3,HIC
Latvia,2011,7.25,22300.0,73.9,HIC
Morocco,2011,30.6,7050.0,72.1,UMIC
Monaco,2011,3.91,195000.0,79.2,HIC
Moldova,2011,17.0,8860.0,71.7,UMIC
Madagascar,2011,65.0,1490.0,62.9,LMIC
Maldives,2011,12.9,17300.0,78.0,HIC
Mexico,2011,16.9,18900.0,75.5,HIC
Marshall Islands,2011,38.7,3780.0,64.2,UMIC
North Macedonia,2011,9.98,13000.0,73.7,HIC
Mali,2011,127.0,2020.0,58.9,LMIC
Malta,2011,6.83,32100.0,81.2,HIC
Myanmar,2011,60.7,3180.0,65.4,LMIC
Montenegro,2011,5.73,17300.0,74.9,HIC
Mongolia,2011,23.9,8690.0,65.5,UMIC
Mozambique,2011,99.5,1080.0,53.6,LMIC
Mauritania,2011,94.4,4980.0,68.4,UMIC
Mauritius,2011,14.9,18000.0,74.6,HIC
Malawi,2011,82.3,1380.0,57.7,LMIC
Malaysia,2011,7.95,20800.0,74.6,HIC
Namibia,2011,47.6,9420.0,61.9,UMIC
Niger,2011,115.0,1010.0,59.3,LMIC
Nigeria,2011,133.0,4980.0,60.2,UMIC
Nicaragua,2011,19.8,4810.0,74.3,UMIC
Netherlands,2011,4.35,51900.0,81.1,HIC
Norway,2011,3.1,61500.0,81.3,HIC
Nepal,2011,44.5,2760.0,69.2,LMIC
Nauru,2011,38.4,7500.0,60.5,UMIC
New Zealand,2011,6.09,38400.0,80.9,HIC
Oman,2011,11.6,37700.0,70.8,HIC
Pakistan,2011,85.1,4100.0,63.6,UMIC
Panama,2011,19.2,24300.0,78.7,HIC
Peru,2011,19.2,10600.0,77.7,UMIC
Philippines,2011,31.6,6000.0,70.7,UMIC
Palau,2011,22.5,15300.0,67.0,HIC
Papua New Guinea,2011,56.9,3250.0,63.0,LMIC
Poland,2011,5.68,24900.0,76.8,HIC
North Korea,2011,27.7,2010.0,71.2,LMIC
Portugal,2011,3.79,31300.0,80.5,HIC
Paraguay,2011,25.2,11600.0,76.0,HIC
Palestine,2011,23.0,5780.0,73.7,UMIC
Qatar,2011,8.7,112000.0,73.9,HIC
Romania,2011,11.3,21500.0,74.6,HIC
Russia,2011,10.1,25200.0,70.0,HIC
Rwanda,2011,56.8,1550.0,65.3,LMIC
Saudi Arabia,2011,11.3,43600.0,72.2,HIC
Sudan,2011,73.9,5050.0,67.6,LMIC
Senegal,2011,62.5,2790.0,66.0,LMIC
Singapore,2011,2.79,80800.0,83.1,HIC
Solomon Islands,2011,24.9,2450.0,57.6,LMIC
Sierra Leone,2011,154.0,1450.0,56.6,LMIC
El Salvador,2011,18.3,7620.0,75.1,UMIC
San Marino,2011,2.68,63500.0,81.9,HIC
Somalia,2011,152.0,1030.0,54.3,LIC
Serbia,2011,7.39,14900.0,74.3,HIC
South Sudan,2011,104.0,1060.0,60.5,LIC
Sao Tome and Principe,2011,42.8,3460.0,69.3,LMIC
Suriname,2011,23.8,19100.0,72.8,HIC
Slovak Republic,2011,6.77,26300.0,76.0,HIC
Slovenia,2011,3.05,33500.0,80.0,HIC
Sweden,2011,3.01,48600.0,82.0,HIC
Eswatini,2011,78.5,7160.0,49.8,UMIC
Seychelles,2011,14.2,22500.0,73.4,HIC
Syria,2011,16.3,7240.0,72.8,LMIC
Chad,2011,146.0,1680.0,56.9,LMIC
Togo,2011,86.9,1700.0,60.2,LMIC
Thailand,2011,12.7,14200.0,77.4,HIC
Tajikistan,2011,41.9,2480.0,68.1,UMIC
Turkmenistan,2011,57.9,16300.0,69.6,HIC
Timor-Leste,2011,59.6,3020.0,70.2,LMIC
Tonga,2011,17.5,5330.0,72.3,UMIC
Trinidad and Tobago,2011,22.7,27300.0,74.5,HIC
Tunisia,2011,18.0,10100.0,76.2,UMIC
Turkey,2011,16.2,21500.0,76.8,HIC
Tuvalu,2011,30.5,3510.0,66.8,UMIC
Taiwan,2011,5.38,41900.0,79.5,HIC
Tanzania,2011,68.8,2060.0,61.7,LMIC
Uganda,2011,72.6,2000.0,60.4,LMIC
Ukraine,2011,11.2,12900.0,71.5,UMIC
Uruguay,2011,10.3,20600.0,76.4,HIC
USA,2011,7.2,54000.0,78.9,HIC
Uzbekistan,2011,34.1,5190.0,66.6,UMIC
St. Vincent and the Grenadines,2011,20.3,11600.0,73.2,HIC
Venezuela,2011,17.1,19100.0,75.4,UMIC
Vietnam,2011,22.8,6660.0,73.3,UMIC
Vanuatu,2011,29.6,3060.0,64.5,LMIC
Samoa,2011,18.5,5980.0,69.7,UMIC
Yemen,2011,55.1,3630.0,67.8,LMIC
South Africa,2011,46.7,13700.0,58.7,UMIC
Zambia,2011,77.2,3100.0,57.5,LMIC
Zimbabwe,2011,79.0,2030.0,54.4,LMIC
Afghanistan,2012,80.5,2120.0,61.4,LMIC
Angola,2012,105.0,8010.0,61.4,UMIC
Albania,2012,11.4,11200.0,78.2,HIC
Andorra,2012,3.79,57900.0,81.9,HIC
UAE,2012,8.13,59700.0,71.2,HIC
Argentina,2012,13.3,24000.0,76.2,HIC
Armenia,2012,16.7,10300.0,74.6,HIC
Antigua and Barbuda,2012,8.52,19900.0,76.0,HIC
Australia,2012,4.32,46400.0,82.6,HIC
Austria,2012,4.05,53600.0,81.2,HIC
Azerbaijan,2012,32.7,14000.0,69.5,HIC
Burundi,2012,80.0,814.0,60.2,LIC
Belgium,2012,4.29,47900.0,80.5,HIC
Benin,2012,107.0,2680.0,61.7,LMIC
Burkina Faso,2012,101.0,1770.0,58.6,LMIC
Bangladesh,2012,43.4,3760.0,72.3,UMIC
Bulgaria,2012,9.79,18900.0,73.0,HIC
Bahrain,2012,8.0,47800.0,75.7,HIC
Bahamas,2012,12.1,34400.0,73.3,HIC
Bosnia and Herzegovina,2012,6.62,11000.0,76.7,HIC
Belarus,2012,4.78,18600.0,72.3,HIC
Belize,2012,17.6,8820.0,74.3,UMIC
Bolivia,2012,36.5,6950.0,70.7,UMIC
Brazil,2012,17.3,15500.0,74.3,HIC
Barbados,2012,14.2,15600.0,76.5,HIC
Brunei,2012,9.99,67800.0,74.0,HIC
Bhutan,2012,38.1,8920.0,71.6,UMIC
Botswana,2012,46.1,13000.0,58.6,HIC
Central African Republic,2012,142.0,1210.0,48.8,LIC
Canada,2012,5.52,46000.0,82.0,HIC
Switzerland,2012,4.44,64900.00000000001,83.1,HIC
Chile,2012,8.4,23600.0,79.2,HIC
China,2012,13.5,10400.0,75.7,HIC
Cote d'Ivoire,2012,100.0,3680.0,58.8,UMIC
Cameroon,2012,98.2,3380.0,58.8,LMIC
"Congo, Dem. Rep.",2012,108.0,901.0,60.1,LMIC
"Congo, Rep.",2012,59.2,4670.0,61.9,LMIC
Colombia,2012,17.3,13000.0,79.0,HIC
Comoros,2012,82.3,3120.0,66.3,LMIC
Cape Verde,2012,23.6,6930.0,74.6,UMIC
Costa Rica,2012,9.7,17800.0,80.3,HIC
Cuba,2012,5.82,8170.0,78.8,UMIC
Cyprus,2012,3.19,34300.0,80.1,HIC
Czech Republic,2012,3.16,33700.0,78.3,HIC
Germany,2012,4.02,49700.0,80.8,HIC
Djibouti,2012,71.8,3560.0,64.1,UMIC
Dominica,2012,25.0,12200.0,72.3,UMIC
Denmark,2012,4.07,50500.0,80.3,HIC
Dominican Republic,2012,33.3,13100.0,72.9,HIC
Algeria,2012,26.1,11200.0,74.9,UMIC
Ecuador,2012,16.8,10300.0,74.9,UMIC
Egypt,2012,26.6,10300.0,69.7,UMIC
Eritrea,2012,51.6,1800.0,60.9,LMIC
Spain,2012,3.58,35400.0,82.4,HIC
Estonia,2012,3.91,29200.0,76.5,HIC
Ethiopia,2012,74.3,1410.0,64.9,LMIC
Finland,2012,2.73,46000.0,80.9,HIC
Fiji,2012,23.9,10300.0,67.7,UMIC
France,2012,4.21,42800.0,82.0,HIC
"Micronesia, Fed. Sts.",2012,37.4,3310.0,64.2,LMIC
Gabon,2012,58.0,14400.0,64.5,HIC
UK,2012,4.78,41900.0,80.9,HIC
Georgia,2012,12.1,10800.0,72.5,HIC
Ghana,2012,63.3,4410.0,63.0,UMIC
Guinea,2012,113.0,1980.0,58.2,LMIC
Gambia,2012,71.7,1960.0,64.5,LMIC
Guinea-Bissau,2012,103.0,1600.0,57.4,LMIC
Equatorial Guinea,2012,104.0,31300.0,63.4,UMIC
Greece,2012,4.08,28200.0,80.6,HIC
Grenada,2012,14.5,12200.0,73.2,HIC
Guatemala,2012,32.4,7590.0,71.1,UMIC
Guyana,2012,35.9,11000.0,65.7,HIC
"Hong Kong, China",2012,2.56,53800.0,83.6,HIC
Honduras,2012,21.8,4980.0,69.3,UMIC
Croatia,2012,5.16,24000.0,77.4,HIC
Haiti,2012,76.2,3030.0,61.4,LMIC
Hungary,2012,5.74,24800.0,75.4,HIC
Indonesia,2012,31.5,9020.0,69.8,UMIC
India,2012,52.1,4520.0,68.0,UMIC
Ireland,2012,3.98,52600.0,81.0,HIC
Iran,2012,18.1,14500.0,76.0,HIC
Iraq,2012,32.6,9260.0,71.3,UMIC
Iceland,2012,2.43,47900.0,82.9,HIC
Israel,2012,4.25,35900.0,82.3,HIC
Italy,2012,3.78,41000.0,82.4,HIC
Jamaica,2012,17.4,9720.0,77.0,UMIC
Jordan,2012,19.2,11800.0,77.5,UMIC
Japan,2012,3.0,38500.0,83.6,HIC
Kazakhstan,2012,16.2,22900.0,68.6,HIC
Kenya,2012,52.2,3900.0,62.6,UMIC
Kyrgyz Republic,2012,26.1,4280.0,70.7,UMIC
Cambodia,2012,38.0,3020.0,67.9,UMIC
Kiribati,2012,62.1,1490.0,59.3,LMIC
St. Kitts and Nevis,2012,14.1,24900.0,72.3,HIC
South Korea,2012,3.85,36000.0,81.5,HIC
Kuwait,2012,9.6,57000.0,81.0,HIC
Lao,2012,61.8,5430.0,66.2,UMIC
Lebanon,2012,9.33,19200.0,75.7,UMIC
Liberia,2012,88.8,1540.0,62.9,LMIC
Libya,2012,15.1,26600.0,76.5,HIC
St. Lucia,2012,18.4,14700.0,76.0,HIC
Sri Lanka,2012,10.6,10700.0,75.5,UMIC
Lesotho,2012,96.5,2600.0,47.9,LMIC
Lithuania,2012,5.18,27200.0,74.0,HIC
Luxembourg,2012,2.83,109000.0,81.5,HIC
Latvia,2012,6.64,24200.0,74.2,HIC
Morocco,2012,29.3,7160.0,72.3,UMIC
Monaco,2012,3.82,195000.0,79.3,HIC
Moldova,2012,16.8,8810.0,72.0,UMIC
Madagascar,2012,63.0,1500.0,63.2,LMIC
Maldives,2012,12.1,17100.0,78.3,HIC
Mexico,2012,16.4,19300.0,75.7,HIC
Marshall Islands,2012,38.2,3780.0,64.4,UMIC
North Macedonia,2012,10.4,13000.0,73.7,HIC
Mali,2012,122.0,1940.0,59.1,LMIC
Malta,2012,6.86,33200.0,81.4,HIC
Myanmar,2012,58.2,3380.0,66.1,LMIC
Montenegro,2012,5.07,16800.0,75.2,HIC
Mongolia,2012,22.1,9590.0,66.1,UMIC
Mozambique,2012,94.7,1130.0,53.6,LMIC
Mauritania,2012,91.8,5040.0,68.7,UMIC
Mauritius,2012,14.8,18600.0,74.7,HIC
Malawi,2012,75.5,1370.0,59.3,LMIC
Malaysia,2012,7.96,21600.0,74.8,HIC
Namibia,2012,48.0,9740.0,62.9,UMIC
Niger,2012,109.0,1080.0,59.6,LMIC
Nigeria,2012,130.0,5050.0,60.7,UMIC
Nicaragua,2012,19.4,5040.0,74.4,UMIC
Netherlands,2012,4.25,51200.0,81.2,HIC
Norway,2012,2.98,62400.0,81.6,HIC
Nepal,2012,42.2,2890.0,69.5,LMIC
Nauru,2012,37.6,9190.0,60.9,UMIC
New Zealand,2012,6.05,39000.0,81.2,HIC
Oman,2012,11.4,37300.0,71.5,HIC
Pakistan,2012,82.8,4150.0,63.8,UMIC
Panama,2012,18.6,26200.0,78.6,HIC
Peru,2012,18.4,11100.0,78.0,UMIC
Philippines,2012,31.2,6300.0,70.7,UMIC
Palau,2012,21.8,15800.0,67.0,HIC
Papua New Guinea,2012,55.5,3310.0,63.1,LMIC
Poland,2012,5.42,25200.0,76.9,HIC
North Korea,2012,25.7,2030.0,71.4,LMIC
Portugal,2012,3.73,30200.0,80.8,HIC
Paraguay,2012,24.4,11400.0,76.2,HIC
Palestine,2012,22.6,5990.0,73.9,UMIC
Qatar,2012,8.4,111000.0,74.3,HIC
Romania,2012,11.1,22000.0,74.7,HIC
Russia,2012,9.8,26100.0,70.5,HIC
Rwanda,2012,51.7,1640.0,65.8,LMIC
Saudi Arabia,2012,10.6,44900.0,72.6,HIC
Sudan,2012,72.0,4710.0,68.1,LMIC
Senegal,2012,59.0,2820.0,66.2,LMIC
Singapore,2012,2.75,82300.0,83.3,HIC
Solomon Islands,2012,24.2,2450.0,57.9,LMIC
Sierra Leone,2012,145.0,1620.0,57.4,LMIC
El Salvador,2012,17.4,7810.0,74.5,UMIC
San Marino,2012,2.53,57900.0,82.0,HIC
Somalia,2012,147.0,1080.0,55.5,LIC
Serbia,2012,7.14,14900.0,74.8,HIC
South Sudan,2012,101.0,507.0,61.1,LIC
Sao Tome and Principe,2012,40.4,3490.0,69.3,LMIC
Suriname,2012,23.0,19400.0,73.1,HIC
Slovak Republic,2012,6.58,26600.0,76.3,HIC
Slovenia,2012,2.89,32600.0,80.2,HIC
Sweden,2012,2.97,48000.0,82.1,HIC
Eswatini,2012,72.6,7510.0,50.9,UMIC
Seychelles,2012,14.3,23000.0,73.4,HIC
Syria,2012,17.8,5370.0,65.8,LMIC
Chad,2012,142.0,1770.0,57.3,LMIC
Togo,2012,84.3,1760.0,60.8,LMIC
Thailand,2012,12.1,15100.0,77.7,HIC
Tajikistan,2012,40.8,2610.0,68.3,UMIC
Turkmenistan,2012,56.1,17200.0,69.8,HIC
Timor-Leste,2012,57.2,3090.0,70.3,LMIC
Tonga,2012,17.5,5380.0,72.4,UMIC
Trinidad and Tobago,2012,22.1,29100.0,75.1,HIC
Tunisia,2012,17.7,10400.0,76.5,UMIC
Turkey,2012,15.2,22300.0,77.0,HIC
Tuvalu,2012,29.6,3390.0,66.9,UMIC
Taiwan,2012,5.38,42700.0,79.7,HIC
Tanzania,2012,66.0,2090.0,62.7,LMIC
Uganda,2012,67.3,2010.0,61.4,LMIC
Ukraine,2012,10.6,13000.0,71.6,UMIC
Uruguay,2012,9.95,21300.0,76.5,HIC
USA,2012,7.08,54900.0,79.0,HIC
Uzbekistan,2012,31.9,5470.0,66.7,UMIC
St. Vincent and the Grenadines,2012,19.7,11800.0,73.0,HIC
Venezuela,2012,17.2,19900.0,75.2,UMIC
Vietnam,2012,22.6,6950.0,73.5,UMIC
Vanuatu,2012,29.7,3020.0,64.7,LMIC
Samoa,2012,18.3,5710.0,69.6,UMIC
Yemen,2012,55.0,3610.0,67.9,LMIC
South Africa,2012,43.3,13800.0,60.1,UMIC
Zambia,2012,74.3,3230.0,58.5,LMIC
Zimbabwe,2012,69.8,2310.0,56.0,LMIC
Afghanistan,2013,77.0,2170.0,61.9,LMIC
Angola,2013,98.4,8100.0,62.1,UMIC
Albania,2013,10.7,11400.0,78.3,HIC
Andorra,2013,3.61,55700.0,82.0,HIC
UAE,2013,8.0,62100.0,71.6,HIC
Argentina,2013,12.7,24300.0,76.3,HIC
Armenia,2013,15.9,10700.0,75.1,HIC
Antigua and Barbuda,2013,8.04,19600.0,76.1,HIC
Australia,2013,4.13,46800.0,82.7,HIC
Austria,2013,3.91,53300.0,81.3,HIC
Azerbaijan,2013,30.4,14700.0,69.7,HIC
Burundi,2013,75.2,825.0,60.8,LIC
Belgium,2013,4.19,47900.0,80.7,HIC
Benin,2013,104.0,2790.0,62.0,LMIC
Burkina Faso,2013,95.8,1820.0,58.9,LMIC
Bangladesh,2013,40.8,3930.0,72.8,UMIC
Bulgaria,2013,9.23,18900.0,73.3,HIC
Bahrain,2013,7.83,49000.0,76.2,HIC
Bahamas,2013,11.8,33100.0,73.5,HIC
Bosnia and Herzegovina,2013,6.42,11500.0,76.6,HIC
Belarus,2013,4.5,18800.0,72.8,HIC
Belize,2013,16.9,9010.0,74.3,UMIC
Bolivia,2013,34.4,7300.0,70.9,UMIC
Brazil,2013,16.7,15800.0,74.5,HIC
Barbados,2013,13.9,15400.0,76.5,HIC
Brunei,2013,10.2,65500.0,73.9,HIC
Bhutan,2013,36.4,8970.0,71.8,UMIC
Botswana,2013,43.1,14100.0,59.4,HIC
Central African Republic,2013,138.0,763.0,47.5,LIC
Canada,2013,5.45,46600.0,82.1,HIC
Switzerland,2013,4.4,65300.0,83.3,HIC
Chile,2013,8.26,24100.0,79.3,HIC
China,2013,12.5,11100.0,76.1,HIC
Cote d'Ivoire,2013,96.7,3990.0,59.4,UMIC
Cameroon,2013,93.8,3450.0,59.1,LMIC
"Congo, Dem. Rep.",2013,104.0,945.0,60.9,LMIC
"Congo, Rep.",2013,57.9,4530.0,62.4,LMIC
Colombia,2013,16.8,13500.0,79.3,HIC
Comoros,2013,79.5,3190.0,66.7,LMIC
Cape Verde,2013,22.9,6890.0,74.8,UMIC
Costa Rica,2013,9.46,18000.0,80.4,HIC
Cuba,2013,5.67,8450.0,78.8,UMIC
Cyprus,2013,3.03,32200.000000000004,80.3,HIC
Czech Republic,2013,3.11,33700.0,78.5,HIC
Germany,2013,3.96,49800.0,80.8,HIC
Djibouti,2013,69.6,3670.0,64.5,UMIC
Dominica,2013,27.4,12000.0,72.3,UMIC
Denmark,2013,4.11,50700.0,80.5,HIC
Dominican Republic,2013,32.7,13600.0,72.3,HIC
Algeria,2013,25.7,11200.0,75.1,UMIC
Ecuador,2013,16.1,10900.0,75.2,UMIC
Egypt,2013,25.5,10300.0,70.1,UMIC
Eritrea,2013,49.8,1590.0,61.3,LMIC
Spain,2013,3.47,35000.0,82.7,HIC
Estonia,2013,3.64,29800.0,77.2,HIC
Ethiopia,2013,70.5,1520.0,65.6,LMIC
Finland,2013,2.56,45400.0,81.2,HIC
Fiji,2013,24.1,10800.0,67.9,UMIC
France,2013,4.17,42900.0,82.3,HIC
"Micronesia, Fed. Sts.",2013,36.1,3180.0,64.2,LMIC
Gabon,2013,55.7,14700.0,65.3,HIC
UK,2013,4.64,42400.0,81.0,HIC
Georgia,2013,11.4,11400.0,72.9,HIC
Ghana,2013,60.2,4620.0,63.5,UMIC
Guinea,2013,111.0,2010.0,58.4,LMIC
Gambia,2013,69.3,1950.0,64.8,LMIC
Guinea-Bissau,2013,98.7,1610.0,57.9,LMIC
Equatorial Guinea,2013,101.0,28800.0,64.5,UMIC
Greece,2013,4.23,27700.0,80.9,HIC
Grenada,2013,14.7,12400.0,73.1,HIC
Guatemala,2013,31.2,7730.0,71.3,UMIC
Guyana,2013,35.0,11300.0,66.0,HIC
"Hong Kong, China",2013,2.47,55200.0,83.8,HIC
Honduras,2013,21.0,5020.0,69.6,UMIC
Croatia,2013,5.05,24000.0,77.8,HIC
Haiti,2013,74.4,3110.0,61.6,LMIC
Hungary,2013,5.6,25400.0,75.9,HIC
Indonesia,2013,30.3,9400.0,70.0,UMIC
India,2013,49.1,4750.0,68.4,UMIC
Ireland,2013,3.92,53000.0,81.2,HIC
Iran,2013,17.3,14100.0,76.2,HIC
Iraq,2013,31.5,9510.0,70.9,UMIC
Iceland,2013,2.34,49600.0,83.2,HIC
Israel,2013,4.12,36800.0,82.5,HIC
Italy,2013,3.68,39800.0,82.6,HIC
Jamaica,2013,16.9,9720.0,77.1,UMIC
Jordan,2013,18.7,11300.0,77.9,UMIC
Japan,2013,2.91,39400.0,83.9,HIC
Kazakhstan,2013,14.5,24000.0,69.4,HIC
Kenya,2013,50.0,3950.0,63.2,UMIC
Kyrgyz Republic,2013,24.7,4650.0,71.2,UMIC
Cambodia,2013,35.6,3200.0,68.2,UMIC
Kiribati,2013,60.6,1580.0,59.5,LMIC
St. Kitts and Nevis,2013,13.8,26300.0,72.2,HIC
South Korea,2013,3.73,37000.0,81.9,HIC
Kuwait,2013,9.2,53600.0,81.3,HIC
Lao,2013,58.9,5790.0,66.7,UMIC
Lebanon,2013,8.96,18200.0,75.8,UMIC
Liberia,2013,85.2,1640.0,63.4,LMIC
Libya,2013,14.4,21400.0,76.7,HIC
St. Lucia,2013,18.3,14300.0,75.7,HIC
Sri Lanka,2013,9.99,11000.0,76.0,UMIC
Lesotho,2013,94.7,2620.0,47.9,LMIC
Lithuania,2013,5.05,28500.0,74.0,HIC
Luxembourg,2013,2.77,110000.0,81.7,HIC
Latvia,2013,6.04,24900.0,74.2,HIC
Morocco,2013,28.0,7360.0,72.1,UMIC
Monaco,2013,3.72,194000.0,79.3,HIC
Moldova,2013,16.6,9610.0,72.7,UMIC
Madagascar,2013,61.2,1490.0,63.5,LMIC
Maldives,2013,11.3,17700.0,78.5,HIC
Mexico,2013,15.9,19200.0,75.5,HIC
Marshall Islands,2013,37.5,3990.0,64.6,UMIC
North Macedonia,2013,11.2,13400.0,74.0,HIC
Mali,2013,118.0,1930.0,59.2,LMIC
Malta,2013,6.9,34500.0,81.6,HIC
Myanmar,2013,55.8,3630.0,66.7,LMIC
Montenegro,2013,4.47,17400.0,75.1,HIC
Mongolia,2013,20.7,10500.0,66.6,UMIC
Mozambique,2013,89.9,1170.0,54.0,LMIC
Mauritania,2013,89.0,5100.0,69.0,UMIC
Mauritius,2013,14.6,19100.0,75.1,HIC
Malawi,2013,68.6,1400.0,60.6,LMIC
Malaysia,2013,7.98,22300.0,75.3,HIC
Namibia,2013,46.6,10100.0,63.3,UMIC
Niger,2013,103.0,1090.0,60.0,LMIC
Nigeria,2013,129.0,5240.0,61.2,UMIC
Nicaragua,2013,19.2,5220.0,74.5,UMIC
Netherlands,2013,4.16,51000.0,81.4,HIC
Norway,2013,2.88,62300.0,81.8,HIC
Nepal,2013,40.1,2980.0,69.7,LMIC
Nauru,2013,36.8,9340.0,61.4,UMIC
New Zealand,2013,6.02,39800.0,81.5,HIC
Oman,2013,11.3,36300.0,71.9,HIC
Pakistan,2013,80.5,4270.0,64.0,UMIC
Panama,2013,18.1,27500.0,78.7,HIC
Peru,2013,17.6,11600.0,78.4,UMIC
Philippines,2013,30.9,6610.0,70.6,UMIC
Palau,2013,21.1,15400.0,67.0,HIC
Papua New Guinea,2013,54.2,3350.0,63.4,LMIC
Poland,2013,5.21,25500.0,77.2,HIC
North Korea,2013,24.0,2040.0,71.7,LMIC
Portugal,2013,3.69,30100.0,81.1,HIC
Paraguay,2013,23.7,12200.0,76.0,HIC
Palestine,2013,22.4,6120.0,74.8,UMIC
Qatar,2013,8.2,110000.0,74.7,HIC
Romania,2013,10.6,22100.0,75.3,HIC
Russia,2013,9.47,26500.0,70.9,HIC
Rwanda,2013,47.5,1680.0,66.8,LMIC
Saudi Arabia,2013,9.86,45100.0,72.9,HIC
Sudan,2013,70.1,4690.0,68.3,LMIC
Senegal,2013,55.8,2820.0,66.5,LMIC
Singapore,2013,2.72,84900.0,83.5,HIC
Solomon Islands,2013,23.4,2510.0,58.0,LMIC
Sierra Leone,2013,137.0,1910.0,58.2,LMIC
El Salvador,2013,16.7,7940.0,74.3,UMIC
San Marino,2013,2.41,57100.0,82.0,HIC
Somalia,2013,142.0,1020.0,56.2,LIC
Serbia,2013,6.87,15400.0,74.9,HIC
South Sudan,2013,99.1,624.0,60.8,LIC
Sao Tome and Principe,2013,38.4,3590.0,69.4,LMIC
Suriname,2013,22.3,19700.0,73.0,HIC
Slovak Republic,2013,6.39,26700.0,76.7,HIC
Slovenia,2013,2.75,32200.000000000004,80.5,HIC
Sweden,2013,2.94,48100.0,82.3,HIC
Eswatini,2013,69.4,7750.0,52.1,UMIC
Seychelles,2013,14.5,22800.0,73.5,HIC
Syria,2013,17.7,4160.0,66.4,LMIC
Chad,2013,138.0,1800.0,57.8,LMIC
Togo,2013,81.8,1810.0,61.3,LMIC
Thailand,2013,11.5,15400.0,78.0,HIC
Tajikistan,2013,39.7,2740.0,68.6,UMIC
Turkmenistan,2013,54.2,16500.0,69.8,HIC
Timor-Leste,2013,54.9,3120.0,70.4,LMIC
Tonga,2013,17.4,5420.0,72.5,UMIC
Trinidad and Tobago,2013,21.4,30000.0,74.9,HIC
Tunisia,2013,17.5,10500.0,76.7,UMIC
Turkey,2013,14.3,23900.0,77.0,HIC
Tuvalu,2013,28.6,3520.0,67.0,UMIC
Taiwan,2013,5.33,43600.0,80.1,HIC
Tanzania,2013,63.7,2170.0,63.7,LMIC
Uganda,2013,62.7,2030.0,62.4,LMIC
Ukraine,2013,10.2,13000.0,71.8,UMIC
Uruguay,2013,9.6,22200.0,76.8,HIC
USA,2013,6.97,55600.0,79.1,HIC
Uzbekistan,2013,29.8,5780.0,67.0,UMIC
St. Vincent and the Grenadines,2013,19.1,12100.0,72.5,HIC
Venezuela,2013,17.3,19900.0,75.5,UMIC
Vietnam,2013,22.3,7260.0,73.6,UMIC
Vanuatu,2013,29.5,2960.0,64.8,LMIC
Samoa,2013,17.9,5660.0,69.9,UMIC
Yemen,2013,55.0,3680.0,68.4,LMIC
South Africa,2013,41.2,14000.0,61.3,UMIC
Zambia,2013,70.7,3280.0,59.5,LMIC
Zimbabwe,2013,62.3,2330.0,57.2,LMIC
Afghanistan,2014,73.5,2150.0,61.9,LMIC
Angola,2014,92.9,8180.0,63.0,UMIC
Albania,2014,10.1,11600.0,78.2,HIC
Andorra,2014,3.43,56600.0,82.0,HIC
UAE,2014,7.91,64099.99999999999,73.0,HIC
Argentina,2014,12.1,23500.0,76.5,HIC
Armenia,2014,15.1,11100.0,75.2,HIC
Antigua and Barbuda,2014,7.64,19900.0,76.0,HIC
Australia,2014,3.98,47400.0,82.7,HIC
Austria,2014,3.8,53200.0,81.5,HIC
Azerbaijan,2014,28.3,14900.0,69.9,HIC
Burundi,2014,70.8,831.0,61.4,LIC
Belgium,2014,4.09,48400.0,81.0,HIC
Benin,2014,102.0,2880.0,62.3,LMIC
Burkina Faso,2014,91.0,1840.0,59.4,LMIC
Bangladesh,2014,38.4,4120.0,73.0,UMIC
Bulgaria,2014,8.68,19200.0,73.0,HIC
Bahrain,2014,7.7,49200.0,76.6,HIC
Bahamas,2014,11.5,33400.0,73.6,HIC
Bosnia and Herzegovina,2014,6.27,11800.0,76.7,HIC
Belarus,2014,4.25,19100.0,73.1,HIC
Belize,2014,16.1,9170.0,74.3,UMIC
Bolivia,2014,32.4,7580.0,71.1,UMIC
Brazil,2014,16.2,15700.0,74.8,HIC
Barbados,2014,13.6,15300.0,76.5,HIC
Brunei,2014,10.5,63100.0,74.0,HIC
Bhutan,2014,34.7,9390.0,72.1,UMIC
Botswana,2014,42.3,14700.0,60.1,HIC
Central African Republic,2014,134.0,765.0,47.5,LIC
Canada,2014,5.37,47400.0,82.2,HIC
Switzerland,2014,4.36,66000.0,83.5,HIC
Chile,2014,8.1,24300.0,79.5,HIC
China,2014,11.6,11900.0,76.4,HIC
Cote d'Ivoire,2014,93.3,4270.0,60.2,UMIC
Cameroon,2014,89.8,3540.0,59.5,LMIC
"Congo, Dem. Rep.",2014,101.0,999.0,61.8,LMIC
"Congo, Rep.",2014,56.4,4710.0,62.9,LMIC
Colombia,2014,16.2,14000.0,79.7,HIC
Comoros,2014,77.1,3180.0,67.2,LMIC
Cape Verde,2014,22.2,6860.0,75.0,UMIC
Costa Rica,2014,9.24,18500.0,80.5,HIC
Cuba,2014,5.52,8730.0,78.7,UMIC
Cyprus,2014,2.87,31900.0,80.4,HIC
Czech Republic,2014,3.11,34400.0,79.0,HIC
Germany,2014,3.9,50600.0,81.0,HIC
Djibouti,2014,67.4,3860.0,64.9,UMIC
Dominica,2014,29.8,12500.0,72.2,UMIC
Denmark,2014,4.16,51300.0,80.8,HIC
Dominican Republic,2014,32.1,14300.0,72.2,HIC
Algeria,2014,25.3,11400.0,75.3,UMIC
Ecuador,2014,15.6,11200.0,75.6,UMIC
Egypt,2014,24.6,10300.0,70.3,UMIC
Eritrea,2014,48.1,2070.0,61.8,LMIC
Spain,2014,3.37,35600.0,82.8,HIC
Estonia,2014,3.4,30800.0,77.3,HIC
Ethiopia,2014,66.8,1630.0,66.3,LMIC
Finland,2014,2.38,45100.0,81.4,HIC
Fiji,2014,24.3,11400.0,68.0,UMIC
France,2014,4.13,43100.0,82.6,HIC
"Micronesia, Fed. Sts.",2014,35.0,3090.0,64.2,LMIC
Gabon,2014,53.5,14800.0,65.9,HIC
UK,2014,4.53,43400.0,81.1,HIC
Georgia,2014,10.9,11900.0,73.2,HIC
Ghana,2014,57.4,4640.0,63.9,UMIC
Guinea,2014,109.0,2030.0,57.9,LMIC
Gambia,2014,67.0,1870.0,65.0,LMIC
Guinea-Bissau,2014,94.8,1580.0,58.3,LMIC
Equatorial Guinea,2014,97.5,27800.0,65.0,UMIC
Greece,2014,4.42,28100.0,81.0,HIC
Grenada,2014,14.9,13200.0,73.0,HIC
Guatemala,2014,30.1,7940.0,71.6,UMIC
Guyana,2014,34.1,11400.0,66.0,HIC
"Hong Kong, China",2014,2.39,56400.0,84.1,HIC
Honduras,2014,20.2,5080.0,69.9,UMIC
Croatia,2014,4.96,24000.0,77.9,HIC
Haiti,2014,72.5,3150.0,61.9,LMIC
Hungary,2014,5.4,26500.0,76.0,HIC
Indonesia,2014,29.1,9760.0,70.2,UMIC
India,2014,46.3,5040.0,69.0,UMIC
Ireland,2014,3.87,57200.0,81.5,HIC
Iran,2014,16.6,14500.0,76.5,HIC
Iraq,2014,30.5,9200.0,69.9,UMIC
Iceland,2014,2.26,49900.0,83.7,HIC
Israel,2014,4.01,37500.0,82.0,HIC
Italy,2014,3.56,39400.0,82.8,HIC
Jamaica,2014,16.4,9750.0,76.3,UMIC
Jordan,2014,18.2,10400.0,78.1,UMIC
Japan,2014,2.82,39500.0,84.1,HIC
Kazakhstan,2014,13.1,24600.0,70.1,HIC
Kenya,2014,48.2,4060.0,63.8,UMIC
Kyrgyz Republic,2014,23.6,4740.0,71.6,UMIC
Cambodia,2014,33.7,3380.0,68.6,UMIC
Kiribati,2014,59.0,1580.0,59.7,LMIC
St. Kitts and Nevis,2014,13.4,28200.0,72.1,HIC
South Korea,2014,3.61,37900.0,82.3,HIC
Kuwait,2014,8.86,52300.0,81.6,HIC
Lao,2014,56.1,6150.0,67.2,UMIC
Lebanon,2014,8.6,16800.0,75.8,UMIC
Liberia,2014,81.9,1610.0,59.9,LMIC
Libya,2014,13.8,16100.000000000002,74.3,HIC
St. Lucia,2014,18.1,14500.0,75.6,HIC
Sri Lanka,2014,9.35,11700.0,76.1,UMIC
Lesotho,2014,93.0,2640.0,47.9,LMIC
Lithuania,2014,5.0,29800.0,74.6,HIC
Luxembourg,2014,2.71,111000.0,82.0,HIC
Latvia,2014,5.47,25600.0,74.7,HIC
Morocco,2014,26.7,7460.0,72.3,UMIC
Monaco,2014,3.62,195000.0,79.4,HIC
Moldova,2014,16.4,10100.0,72.3,UMIC
Madagascar,2014,59.6,1500.0,63.8,LMIC
Maldives,2014,10.6,18400.0,78.7,HIC
Mexico,2014,15.4,19500.0,75.6,HIC
Marshall Islands,2014,36.8,4010.0,64.8,UMIC
North Macedonia,2014,12.0,13900.0,74.0,HIC
Mali,2014,113.0,2000.0,59.5,LMIC
Malta,2014,6.95,36400.0,81.8,HIC
Myanmar,2014,53.6,3900.0,67.3,LMIC
Montenegro,2014,3.93,17700.0,75.2,HIC
Mongolia,2014,19.5,11100.0,67.2,UMIC
Mozambique,2014,86.2,1220.0,54.9,LMIC
Mauritania,2014,86.2,5180.0,69.3,UMIC
Mauritius,2014,14.4,19800.0,75.0,HIC
Malawi,2014,63.0,1440.0,61.5,LMIC
Malaysia,2014,8.0,23300.0,75.1,HIC
Namibia,2014,45.3,10500.0,63.3,UMIC
Niger,2014,98.5,1120.0,60.4,LMIC
Nigeria,2014,127.0,5420.0,61.6,UMIC
Nicaragua,2014,19.0,5390.0,74.5,UMIC
Netherlands,2014,4.09,51500.0,81.6,HIC
Norway,2014,2.8,62800.0,82.2,HIC
Nepal,2014,38.1,3150.0,69.9,LMIC
Nauru,2014,36.0,10600.0,61.9,UMIC
New Zealand,2014,6.0,40600.0,81.5,HIC
Oman,2014,11.2,35000.0,72.3,HIC
Pakistan,2014,78.2,4380.0,64.2,UMIC
Panama,2014,17.5,28400.0,78.9,HIC
Peru,2014,16.8,11800.0,78.9,UMIC
Philippines,2014,30.5,6920.0,71.0,UMIC
Palau,2014,20.4,16200.0,67.1,HIC
Papua New Guinea,2014,53.0,3700.0,63.7,LMIC
Poland,2014,5.03,26500.0,77.6,HIC
North Korea,2014,22.4,2050.0,71.9,LMIC
Portugal,2014,3.66,30500.0,81.3,HIC
Paraguay,2014,22.9,12600.0,76.4,HIC
Palestine,2014,22.1,5970.0,74.5,UMIC
Qatar,2014,8.14,106000.0,74.9,HIC
Romania,2014,9.97,23100.0,75.0,HIC
Russia,2014,9.05,26200.0,71.0,HIC
Rwanda,2014,44.1,1740.0,67.2,LMIC
Saudi Arabia,2014,9.19,45900.0,73.2,HIC
Sudan,2014,68.2,4780.0,68.7,LMIC
Senegal,2014,52.9,2910.0,66.8,LMIC
Singapore,2014,2.71,87100.0,83.8,HIC
Solomon Islands,2014,22.7,2480.0,58.1,LMIC
Sierra Leone,2014,129.0,1950.0,57.1,LMIC
El Salvador,2014,16.0,8050.0,73.5,UMIC
San Marino,2014,2.3,56600.0,82.0,HIC
Somalia,2014,138.0,1060.0,56.6,LIC
Serbia,2014,6.58,15200.0,75.0,HIC
South Sudan,2014,98.6,614.0,60.9,LIC
Sao Tome and Principe,2014,36.7,3700.0,69.8,LMIC
Suriname,2014,21.6,19600.0,72.7,HIC
Slovak Republic,2014,6.22,27400.0,76.9,HIC
Slovenia,2014,2.61,33000.0,81.3,HIC
Sweden,2014,2.91,48900.0,82.5,HIC
Eswatini,2014,67.2,7770.0,53.5,UMIC
Seychelles,2014,14.6,23400.0,73.5,HIC
Syria,2014,17.6,3990.0,63.6,LMIC
Chad,2014,134.0,1860.0,58.3,LMIC
Togo,2014,79.3,1870.0,61.8,LMIC
Thailand,2014,11.0,15500.0,78.1,HIC
Tajikistan,2014,38.7,2860.0,68.6,UMIC
Turkmenistan,2014,52.5,16800.0,69.9,HIC
Timor-Leste,2014,52.8,3200.0,70.3,LMIC
Tonga,2014,17.1,5550.0,72.5,UMIC
Trinidad and Tobago,2014,20.8,30900.0,74.9,HIC
Tunisia,2014,17.3,10700.0,76.8,UMIC
Turkey,2014,13.4,24700.0,77.1,HIC
Tuvalu,2014,27.7,3520.0,67.2,UMIC
Taiwan,2014,5.07,45600.0,80.0,HIC
Tanzania,2014,61.4,2250.0,64.5,LMIC
Uganda,2014,58.5,2070.0,63.2,LMIC
Ukraine,2014,9.82,12400.0,71.7,UMIC
Uruguay,2014,9.24,22900.0,77.1,HIC
USA,2014,6.88,56600.0,79.1,HIC
Uzbekistan,2014,27.8,6080.0,67.2,UMIC
St. Vincent and the Grenadines,2014,18.5,12300.0,72.6,HIC
Venezuela,2014,17.3,18900.0,75.6,UMIC
Vietnam,2014,22.1,7640.0,73.7,UMIC
Vanuatu,2014,29.1,2980.0,64.8,LMIC
Samoa,2014,17.6,5650.0,70.0,UMIC
Yemen,2014,55.0,3570.0,68.5,LMIC
South Africa,2014,39.5,14000.0,61.8,UMIC
Zambia,2014,66.9,3320.0,60.2,LMIC
Zimbabwe,2014,57.5,2320.0,58.0,LMIC
Afghanistan,2015,70.4,2110.0,61.9,LMIC
Angola,2015,88.1,7970.0,63.5,UMIC
Albania,2015,9.6,11900.0,78.1,HIC
Andorra,2015,3.27,56500.0,82.0,HIC
UAE,2015,7.83,67800.0,73.2,HIC
Argentina,2015,11.5,23900.0,76.5,HIC
Armenia,2015,14.4,11500.0,75.1,HIC
Antigua and Barbuda,2015,7.29,20000.0,76.0,HIC
Australia,2015,3.87,47700.0,82.7,HIC
Austria,2015,3.71,53200.0,81.6,HIC
Azerbaijan,2015,26.3,14900.0,70.2,HIC
Burundi,2015,67.0,782.0,61.8,LIC
Belgium,2015,3.99,49100.0,81.1,HIC
Benin,2015,99.9,2850.0,62.6,LMIC
Burkina Faso,2015,86.8,1860.0,59.9,LMIC
Bangladesh,2015,36.1,4340.0,73.6,UMIC
Bulgaria,2015,8.18,20000.0,73.2,HIC
Bahrain,2015,7.57,48700.0,76.8,HIC
Bahamas,2015,11.2,33400.0,73.3,HIC
Bosnia and Herzegovina,2015,6.14,12400.0,76.5,HIC
Belarus,2015,4.03,18400.0,73.7,HIC
Belize,2015,15.3,9260.0,74.2,UMIC
Bolivia,2015,30.8,7830.0,71.3,UMIC
Brazil,2015,15.7,15000.0,75.0,HIC
Barbados,2015,13.3,15700.0,76.5,HIC
Brunei,2015,10.8,62200.0,74.0,HIC
Bhutan,2015,33.3,9910.0,72.3,UMIC
Botswana,2015,40.7,13700.0,60.6,HIC
Central African Republic,2015,129.0,794.0,49.7,LIC
Canada,2015,5.28,47400.0,82.3,HIC
Switzerland,2015,4.32,66400.0,83.6,HIC
Chile,2015,7.89,24600.0,79.6,HIC
China,2015,10.7,12600.0,76.8,HIC
Cote d'Ivoire,2015,90.0,4460.0,61.1,UMIC
Cameroon,2015,85.8,3630.0,60.0,LMIC
"Congo, Dem. Rep.",2015,97.4,1030.0,62.6,LMIC
"Congo, Rep.",2015,54.9,4620.0,63.5,LMIC
Colombia,2015,15.7,14200.0,79.7,HIC
Comoros,2015,74.9,3150.0,67.5,LMIC
Cape Verde,2015,21.5,6850.0,74.9,UMIC
Costa Rica,2015,9.05,18900.0,80.2,HIC
Cuba,2015,5.38,9030.0,78.4,UMIC
Cyprus,2015,2.74,33200.0,80.5,HIC
Czech Republic,2015,3.15,36200.0,79.0,HIC
Germany,2015,3.86,51000.0,80.9,HIC
Djibouti,2015,65.3,4080.0,65.3,UMIC
Dominica,2015,32.1,12100.0,71.5,UMIC
Denmark,2015,4.22,52100.0,81.0,HIC
Dominican Republic,2015,31.3,15100.0,72.0,HIC
Algeria,2015,24.9,11600.0,75.4,UMIC
Ecuador,2015,15.1,11000.0,75.9,UMIC
Egypt,2015,23.6,10500.0,69.9,UMIC
Eritrea,2015,46.5,1620.0,62.2,LMIC
Spain,2015,3.28,37000.0,82.8,HIC
Estonia,2015,3.18,31300.0,77.8,HIC
Ethiopia,2015,63.5,1750.0,66.8,LMIC
Finland,2015,2.2,45200.0,81.7,HIC
Fiji,2015,24.6,11900.0,68.0,UMIC
France,2015,4.1,43400.0,82.5,HIC
"Micronesia, Fed. Sts.",2015,33.9,3220.0,64.0,LMIC
Gabon,2015,51.0,14900.0,66.3,HIC
UK,2015,4.45,44000.0,81.0,HIC
Georgia,2015,10.5,12200.0,73.3,HIC
Ghana,2015,54.7,4630.0,64.2,UMIC
Guinea,2015,107.0,2050.0,58.5,LMIC
Gambia,2015,64.7,1890.0,65.4,LMIC
Guinea-Bissau,2015,91.2,1630.0,58.8,LMIC
Equatorial Guinea,2015,94.2,24300.0,64.8,UMIC
Greece,2015,4.58,28200.0,80.9,HIC
Grenada,2015,15.1,13900.0,73.1,HIC
Guatemala,2015,29.0,8130.0,71.8,UMIC
Guyana,2015,33.1,11500.0,66.4,HIC
"Hong Kong, China",2015,2.3,57200.0,84.3,HIC
Honduras,2015,19.5,5180.0,69.9,UMIC
Croatia,2015,4.88,24900.0,77.7,HIC
Haiti,2015,70.6,3150.0,62.2,LMIC
Hungary,2015,5.14,27500.0,75.9,HIC
Indonesia,2015,28.0,10100.0,70.4,UMIC
India,2015,43.6,5380.0,69.4,UMIC
Ireland,2015,3.83,70600.0,81.7,HIC
Iran,2015,16.0,14000.0,76.7,HIC
Iraq,2015,29.5,9380.0,70.7,UMIC
Iceland,2015,2.18,51500.0,83.7,HIC
Israel,2015,3.92,37700.0,82.7,HIC
Italy,2015,3.43,39800.0,82.7,HIC
Jamaica,2015,15.9,9800.0,76.1,UMIC
Jordan,2015,17.7,9730.0,78.2,UMIC
Japan,2015,3.02,40200.0,84.3,HIC
Kazakhstan,2015,11.9,24500.0,70.6,HIC
Kenya,2015,46.3,4160.0,64.4,UMIC
Kyrgyz Republic,2015,22.3,4830.0,71.9,UMIC
Cambodia,2015,32.0,3570.0,68.9,UMIC
Kiribati,2015,57.5,1730.0,59.9,LMIC
St. Kitts and Nevis,2015,13.1,28400.0,72.0,HIC
South Korea,2015,3.5,38800.0,82.6,HIC
Kuwait,2015,8.56,50600.0,81.5,HIC
Lao,2015,53.6,6500.0,67.6,UMIC
Lebanon,2015,8.3,16600.0,75.9,UMIC
Liberia,2015,78.9,1580.0,62.5,LMIC
Libya,2015,13.3,15800.0,74.6,HIC
St. Lucia,2015,17.8,14400.0,75.6,HIC
Sri Lanka,2015,8.75,12100.0,76.4,UMIC
Lesotho,2015,92.5,2690.0,48.5,LMIC
Lithuania,2015,4.9,30600.0,74.7,HIC
Luxembourg,2015,2.64,110000.0,82.3,HIC
Latvia,2015,4.97,26800.0,75.1,HIC
Morocco,2015,25.5,7680.0,72.5,UMIC
Monaco,2015,3.52,197000.0,79.5,HIC
Moldova,2015,16.3,10100.0,72.1,UMIC
Madagascar,2015,58.1,1510.0,64.2,LMIC
Maldives,2015,9.98,18300.0,78.9,HIC
Mexico,2015,14.8,19800.0,75.7,HIC
Marshall Islands,2015,36.0,4180.0,64.9,UMIC
North Macedonia,2015,12.3,14500.0,74.0,HIC
Mali,2015,109.0,2060.0,59.9,LMIC
Malta,2015,6.99,39000.0,82.2,HIC
Myanmar,2015,51.6,4140.0,67.7,LMIC
Montenegro,2015,3.46,18300.0,75.3,HIC
Mongolia,2015,18.6,11100.0,67.7,UMIC
Mozambique,2015,81.8,1270.0,55.8,LMIC
Mauritania,2015,83.5,5320.0,69.6,UMIC
Mauritius,2015,14.3,20500.0,75.2,HIC
Malawi,2015,59.2,1440.0,62.0,LMIC
Malaysia,2015,8.0,24100.0,75.0,HIC
Namibia,2015,44.9,10800.0,63.5,UMIC
Niger,2015,94.3,1120.0,60.6,LMIC
Nigeria,2015,125.0,5430.0,62.1,UMIC
Nicaragua,2015,18.8,5560.0,74.9,UMIC
Netherlands,2015,4.03,52300.0,81.7,HIC
Norway,2015,2.72,63400.0,82.4,HIC
Nepal,2015,36.4,3260.0,69.3,LMIC
Nauru,2015,34.9,10700.0,62.3,UMIC
New Zealand,2015,5.97,41300.0,81.7,HIC
Oman,2015,11.2,35200.0,72.4,HIC
Pakistan,2015,76.0,4510.0,64.4,UMIC
Panama,2015,16.9,29600.0,79.3,HIC
Peru,2015,16.1,12000.0,79.4,UMIC
Philippines,2015,30.1,7240.0,70.9,UMIC
Palau,2015,19.8,17800.0,67.2,HIC
Papua New Guinea,2015,51.7,3850.0,63.9,LMIC
Poland,2015,4.86,27600.0,77.6,HIC
North Korea,2015,21.1,2020.0,72.2,LMIC
Portugal,2015,3.66,31200.0,81.5,HIC
Paraguay,2015,22.2,12800.0,76.5,HIC
Palestine,2015,21.7,6050.0,74.3,UMIC
Qatar,2015,7.83,102000.0,75.5,HIC
Romania,2015,9.21,24000.0,75.3,HIC
Russia,2015,8.53,25600.0,71.5,HIC
Rwanda,2015,41.3,1850.0,67.4,LMIC
Saudi Arabia,2015,8.54,47100.0,73.3,HIC
Sudan,2015,66.3,4720.0,69.0,LMIC
Senegal,2015,50.1,3010.0,67.0,LMIC
Singapore,2015,2.72,88600.0,84.1,HIC
Solomon Islands,2015,22.0,2460.0,58.4,LMIC
Sierra Leone,2015,122.0,1520.0,58.7,LMIC
El Salvador,2015,15.3,8220.0,73.4,UMIC
San Marino,2015,2.2,57500.0,82.0,HIC
Somalia,2015,133.0,1130.0,57.0,LIC
Serbia,2015,6.28,15600.0,75.1,HIC
South Sudan,2015,98.6,595.0,61.6,LIC
Sao Tome and Principe,2015,35.1,3690.0,70.0,LMIC
Suriname,2015,20.9,18700.0,72.5,HIC
Slovak Republic,2015,6.06,28800.0,76.8,HIC
Slovenia,2015,2.48,33700.0,81.0,HIC
Sweden,2015,2.87,50600.0,82.5,HIC
Eswatini,2015,62.9,7880.0,54.9,UMIC
Seychelles,2015,14.7,24900.0,73.4,HIC
Syria,2015,17.3,4000.0,65.5,LMIC
Chad,2015,130.0,1850.0,58.8,LMIC
Togo,2015,76.8,1920.0,62.4,LMIC
Thailand,2015,10.5,15900.0,78.2,HIC
Tajikistan,2015,37.9,2960.0,68.6,UMIC
Turkmenistan,2015,50.7,16900.0,70.0,HIC
Timor-Leste,2015,51.0,3230.0,70.3,LMIC
Tonga,2015,16.8,5640.0,72.6,UMIC
Trinidad and Tobago,2015,20.2,30500.0,74.9,HIC
Tunisia,2015,17.2,10700.0,77.0,UMIC
Turkey,2015,12.6,25900.0,77.4,HIC
Tuvalu,2015,26.8,3900.0,67.4,UMIC
Taiwan,2015,4.93,46100.0,80.3,HIC
Tanzania,2015,59.1,2310.0,65.1,LMIC
Uganda,2015,54.8,2110.0,63.9,LMIC
Ukraine,2015,9.5,11200.0,72.5,UMIC
Uruguay,2015,8.85,22900.0,77.1,HIC
USA,2015,6.8,57900.0,79.0,HIC
Uzbekistan,2015,25.9,6400.0,67.3,UMIC
St. Vincent and the Grenadines,2015,18.0,12700.0,72.6,HIC
Venezuela,2015,19.4,17400.0,75.7,UMIC
Vietnam,2015,21.8,8090.0,73.9,UMIC
Vanuatu,2015,28.6,2920.0,65.0,LMIC
Samoa,2015,17.2,5810.0,70.1,UMIC
Yemen,2015,55.0,2500.0,68.2,LMIC
South Africa,2015,37.7,13900.0,62.3,UMIC
Zambia,2015,64.6,3310.0,60.8,LMIC
Zimbabwe,2015,54.3,2310.0,58.6,LMIC
Afghanistan,2016,67.5,2100.0,62.0,LMIC
Angola,2016,84.0,7490.0,63.9,UMIC
Albania,2016,9.27,12300.0,78.2,HIC
Andorra,2016,3.14,57500.0,82.1,HIC
UAE,2016,7.76,70900.0,73.4,HIC
Argentina,2016,10.9,23100.0,76.2,HIC
Armenia,2016,13.7,11600.0,75.3,HIC
Antigua and Barbuda,2016,6.97,20700.0,76.0,HIC
Australia,2016,3.79,48300.0,83.0,HIC
Austria,2016,3.65,53600.0,81.8,HIC
Azerbaijan,2016,24.5,14200.0,70.3,HIC
Burundi,2016,63.8,764.0,62.4,LIC
Belgium,2016,3.88,49500.0,81.3,HIC
Benin,2016,97.7,2860.0,63.0,LMIC
Burkina Faso,2016,83.0,1910.0,60.3,LMIC
Bangladesh,2016,33.9,4590.0,73.9,UMIC
Bulgaria,2016,7.75,20700.0,73.3,HIC
Bahrain,2016,7.43,48700.0,76.8,HIC
Bahamas,2016,10.9,32800.0,73.7,HIC
Bosnia and Herzegovina,2016,6.03,13000.0,76.7,HIC
Belarus,2016,3.82,17900.0,73.8,HIC
Belize,2016,14.5,9070.0,74.4,UMIC
Bolivia,2016,29.3,8030.0,71.5,UMIC
Brazil,2016,16.4,14400.0,75.0,HIC
Barbados,2016,12.9,16000.0,76.5,HIC
Brunei,2016,11.1,60000.0,74.1,HIC
Bhutan,2016,31.9,10600.0,72.5,UMIC
Botswana,2016,39.4,14400.0,61.2,HIC
Central African Republic,2016,124.0,818.0,50.3,LIC
Canada,2016,5.19,47300.0,82.3,HIC
Switzerland,2016,4.27,67000.0,83.8,HIC
Chile,2016,7.66,24700.0,80.0,HIC
China,2016,9.95,13400.0,77.0,HIC
Cote d'Ivoire,2016,86.8,4660.0,62.0,UMIC
Cameroon,2016,82.3,3680.0,60.9,LMIC
"Congo, Dem. Rep.",2016,94.0,1020.0,63.3,LMIC
"Congo, Rep.",2016,53.3,4120.0,64.2,LMIC
Colombia,2016,15.2,14400.0,79.8,HIC
Comoros,2016,72.3,3190.0,67.9,LMIC
Cape Verde,2016,20.8,7060.0,74.8,UMIC
Costa Rica,2016,8.93,19500.0,79.8,HIC
Cuba,2016,5.24,9070.0,78.5,UMIC
Cyprus,2016,2.61,35200.0,80.7,HIC
Czech Republic,2016,3.22,37000.0,79.2,HIC
Germany,2016,3.8,51700.0,81.0,HIC
Djibouti,2016,63.1,4300.0,65.8,UMIC
Dominica,2016,33.9,12400.0,72.3,UMIC
Denmark,2016,4.26,53400.0,81.0,HIC
Dominican Republic,2016,30.6,16000.0,72.1,HIC
Algeria,2016,24.5,11800.0,75.7,UMIC
Ecuador,2016,14.8,10800.0,75.9,UMIC
Egypt,2016,22.8,10800.0,70.2,UMIC
Eritrea,2016,44.9,1730.0,62.6,LMIC
Spain,2016,3.2,38100.0,83.0,HIC
Estonia,2016,2.97,32299.999999999996,77.7,HIC
Ethiopia,2016,60.4,1860.0,67.4,LMIC
Finland,2016,2.02,46300.0,81.8,HIC
Fiji,2016,25.0,12200.0,68.0,UMIC
France,2016,4.09,43800.0,82.8,HIC
"Micronesia, Fed. Sts.",2016,33.0,3230.0,64.1,LMIC
Gabon,2016,48.1,14800.0,66.6,HIC
UK,2016,4.39,44600.0,81.1,HIC
Georgia,2016,10.2,12600.0,73.1,HIC
Ghana,2016,52.3,4670.0,64.7,UMIC
Guinea,2016,105.0,2220.0,59.3,LMIC
Gambia,2016,62.6,1870.0,65.7,LMIC
Guinea-Bissau,2016,87.7,1680.0,59.3,LMIC
Equatorial Guinea,2016,91.0,21300.0,64.9,UMIC
Greece,2016,4.65,28200.0,81.0,HIC
Grenada,2016,15.2,14400.0,72.9,HIC
Guatemala,2016,28.0,8210.0,72.0,UMIC
Guyana,2016,32.1,11800.0,66.7,HIC
"Hong Kong, China",2016,2.22,58100.0,84.5,HIC
Honduras,2016,18.8,5290.0,71.5,UMIC
Croatia,2016,4.82,25900.0,78.4,HIC
Haiti,2016,68.7,3170.0,62.4,LMIC
Hungary,2016,4.83,28200.0,76.3,HIC
Indonesia,2016,26.9,10500.0,70.7,UMIC
India,2016,41.1,5750.0,70.0,UMIC
Ireland,2016,3.79,71000.0,81.9,HIC
Iran,2016,15.5,15000.0,77.1,HIC
Iraq,2016,28.5,10400.0,70.9,UMIC
Iceland,2016,2.1,54000.0,83.8,HIC
Israel,2016,3.85,38600.0,83.0,HIC
Italy,2016,3.29,40400.0,83.0,HIC
Jamaica,2016,15.4,9910.0,76.2,UMIC
Jordan,2016,17.2,9450.0,78.1,UMIC
Japan,2016,2.65,40500.0,84.5,HIC
Kazakhstan,2016,11.0,24500.0,71.1,HIC
Kenya,2016,44.5,4240.0,65.1,UMIC
Kyrgyz Republic,2016,21.1,4940.0,72.7,UMIC
Cambodia,2016,30.5,3760.0,69.2,UMIC
Kiribati,2016,55.8,1830.0,60.1,LMIC
St. Kitts and Nevis,2016,12.7,29500.0,72.1,HIC
South Korea,2016,3.4,39800.0,82.8,HIC
Kuwait,2016,8.3,50300.0,81.6,HIC
Lao,2016,51.3,6850.0,68.0,UMIC
Lebanon,2016,8.0,17200.0,76.1,UMIC
Liberia,2016,76.0,1530.0,64.5,LMIC
Libya,2016,12.8,15300.0,74.3,HIC
St. Lucia,2016,17.4,14800.0,75.1,HIC
Sri Lanka,2016,8.23,12700.0,76.6,UMIC
Lesotho,2016,87.4,2750.0,49.6,LMIC
Lithuania,2016,4.72,31800.0,74.9,HIC
Luxembourg,2016,2.57,114000.0,82.7,HIC
Latvia,2016,4.53,27700.0,75.7,HIC
Morocco,2016,24.4,7630.0,72.8,UMIC
Monaco,2016,3.42,200000.0,79.7,HIC
Moldova,2016,16.2,10700.0,72.6,UMIC
Madagascar,2016,56.6,1530.0,64.5,LMIC
Maldives,2016,9.46,18700.0,78.9,HIC
Mexico,2016,14.1,19900.0,75.5,HIC
Marshall Islands,2016,35.0,4370.0,65.1,UMIC
North Macedonia,2016,12.0,15000.0,73.8,HIC
Mali,2016,105.0,2110.0,60.4,LMIC
Malta,2016,7.04,39400.0,82.3,HIC
Myanmar,2016,49.7,4350.0,68.2,LMIC
Montenegro,2016,3.07,18800.0,75.4,HIC
Mongolia,2016,17.7,11100.0,67.8,UMIC
Mozambique,2016,78.1,1290.0,56.6,LMIC
Mauritania,2016,80.8,5240.0,69.9,UMIC
Mauritius,2016,14.4,21300.0,75.2,HIC
Malawi,2016,55.7,1440.0,62.6,LMIC
Malaysia,2016,7.96,24800.0,75.0,HIC
Namibia,2016,42.9,10600.0,63.7,UMIC
Niger,2016,90.3,1140.0,61.1,LMIC
Nigeria,2016,124.0,5210.0,62.7,UMIC
Nicaragua,2016,18.7,5740.0,74.8,UMIC
Netherlands,2016,3.98,53200.0,81.7,HIC
Norway,2016,2.66,63500.0,82.5,HIC
Nepal,2016,34.8,3240.0,70.4,LMIC
Nauru,2016,33.9,10900.0,62.6,UMIC
New Zealand,2016,5.9,41900.0,81.9,HIC
Oman,2016,11.3,35200.0,72.6,HIC
Pakistan,2016,73.8,4750.0,64.7,UMIC
Panama,2016,16.3,30500.0,79.5,HIC
Peru,2016,15.5,12300.0,79.6,UMIC
Philippines,2016,29.7,7620.0,71.0,UMIC
Palau,2016,19.2,17900.0,67.3,HIC
Papua New Guinea,2016,50.5,3960.0,64.1,LMIC
Poland,2016,4.71,28500.0,77.9,HIC
North Korea,2016,20.0,2080.0,72.4,LMIC
Portugal,2016,3.67,31900.0,81.6,HIC
Paraguay,2016,21.6,13200.0,76.1,HIC
Palestine,2016,21.3,6440.0,74.5,UMIC
Qatar,2016,7.5,97700.0,75.7,HIC
Romania,2016,8.47,24800.0,75.3,HIC
Russia,2016,8.02,25600.0,72.0,HIC
Rwanda,2016,38.8,1910.0,67.6,LMIC
Saudi Arabia,2016,7.95,47000.0,73.7,HIC
Sudan,2016,64.4,4730.0,69.4,LMIC
Senegal,2016,47.7,3120.0,67.3,LMIC
Singapore,2016,2.75,90600.0,84.4,HIC
Solomon Islands,2016,21.3,2530.0,58.6,LMIC
Sierra Leone,2016,115.0,1570.0,60.0,LMIC
El Salvador,2016,14.7,8400.0,75.2,UMIC
San Marino,2016,2.12,58400.0,82.0,HIC
Somalia,2016,129.0,1150.0,57.2,LIC
Serbia,2016,6.01,16200.0,75.5,HIC
South Sudan,2016,98.6,501.0,62.0,LIC
Sao Tome and Principe,2016,33.7,3810.0,70.2,LMIC
Suriname,2016,20.2,17600.0,72.4,HIC
Slovak Republic,2016,5.9,29400.0,77.3,HIC
Slovenia,2016,2.36,34800.0,81.3,HIC
Sweden,2016,2.83,51000.0,82.6,HIC
Eswatini,2016,61.7,7910.0,56.1,UMIC
Seychelles,2016,14.8,27600.0,73.3,HIC
Syria,2016,17.6,3790.0,64.3,LMIC
Chad,2016,127.0,1680.0,59.3,LMIC
Togo,2016,74.4,1950.0,63.0,LMIC
Thailand,2016,9.98,16400.0,78.0,HIC
Tajikistan,2016,36.9,3090.0,68.6,UMIC
Turkmenistan,2016,49.0,16500.0,70.3,HIC
Timor-Leste,2016,49.2,3290.0,70.4,LMIC
Tonga,2016,16.4,6040.0,72.7,UMIC
Trinidad and Tobago,2016,19.5,28000.0,74.8,HIC
Tunisia,2016,17.1,10700.0,77.2,UMIC
Turkey,2016,11.9,26400.0,77.5,HIC
Tuvalu,2016,26.0,4130.0,67.5,UMIC
Taiwan,2016,4.8,47000.0,80.2,HIC
Tanzania,2016,57.0,2380.0,65.5,LMIC
Uganda,2016,51.2,2140.0,64.0,LMIC
Ukraine,2016,9.22,11500.0,72.9,UMIC
Uruguay,2016,8.43,23200.0,77.3,HIC
USA,2016,6.73,58500.0,78.9,HIC
Uzbekistan,2016,24.2,6660.0,67.6,UMIC
St. Vincent and the Grenadines,2016,17.4,13300.0,72.6,HIC
Venezuela,2016,24.5,14400.0,75.6,UMIC
Vietnam,2016,21.5,8550.0,74.0,UMIC
Vanuatu,2016,27.9,2990.0,65.1,LMIC
Samoa,2016,16.7,6210.0,70.2,UMIC
Yemen,2016,55.0,2210.0,67.5,LMIC
South Africa,2016,36.6,13800.0,62.7,UMIC
Zambia,2016,62.0,3330.0,61.4,LMIC
Zimbabwe,2016,50.4,2290.0,59.2,LMIC
Afghanistan,2017,64.7,2100.0,62.9,LMIC
Angola,2017,80.4,7220.0,64.2,UMIC
Albania,2017,9.02,12800.0,78.3,HIC
Andorra,2017,3.01,56400.0,82.1,HIC
UAE,2017,7.68,70900.0,73.5,HIC
Argentina,2017,10.4,23500.0,76.3,HIC
Armenia,2017,13.0,12500.0,75.5,HIC
Antigua and Barbuda,2017,6.69,21000.0,76.1,HIC
Australia,2017,3.74,48600.0,83.0,HIC
Austria,2017,3.58,54500.0,82.0,HIC
Azerbaijan,2017,22.9,14100.0,70.4,HIC
Burundi,2017,61.0,751.0,63.0,LIC
Belgium,2017,3.76,50100.0,81.4,HIC
Benin,2017,95.5,2930.0,63.4,LMIC
Burkina Faso,2017,79.6,1970.0,60.8,LMIC
Bangladesh,2017,31.9,4830.0,73.9,UMIC
Bulgaria,2017,7.38,21500.0,73.3,HIC
Bahrain,2017,7.27,48900.0,76.8,HIC
Bahamas,2017,10.5,33500.0,73.8,HIC
Bosnia and Herzegovina,2017,5.93,13600.0,76.8,HIC
Belarus,2017,3.62,18400.0,73.8,HIC
Belize,2017,13.8,8730.0,74.5,UMIC
Bolivia,2017,28.0,8240.0,71.7,UMIC
Brazil,2017,14.8,14500.0,75.4,HIC
Barbados,2017,12.6,16100.000000000002,76.5,HIC
Brunei,2017,11.4,60200.0,74.1,HIC
Bhutan,2017,30.8,10900.0,72.7,UMIC
Botswana,2017,37.5,14700.0,61.5,HIC
Central African Republic,2017,120.0,839.0,50.4,LIC
Canada,2017,5.08,48200.0,82.4,HIC
Switzerland,2017,4.2,67300.0,83.9,HIC
Chile,2017,7.43,24700.0,80.0,HIC
China,2017,9.23,14200.0,77.2,HIC
Cote d'Ivoire,2017,83.6,4870.0,62.8,UMIC
Cameroon,2017,79.0,3700.0,61.9,LMIC
"Congo, Dem. Rep.",2017,91.1,1020.0,63.9,LMIC
"Congo, Rep.",2017,51.6,3800.0,64.7,LMIC
Colombia,2017,14.7,14400.0,80.0,HIC
Comoros,2017,69.9,3240.0,68.2,LMIC
Cape Verde,2017,20.1,7300.0,74.8,UMIC
Costa Rica,2017,8.85,20100.0,79.8,HIC
Cuba,2017,5.11,9240.0,78.3,UMIC
Cyprus,2017,2.49,36900.0,80.8,HIC
Czech Republic,2017,3.3,38800.0,79.3,HIC
Germany,2017,3.74,52900.0,81.1,HIC
Djibouti,2017,61.2,4460.0,66.2,UMIC
Dominica,2017,35.0,11500.0,71.2,UMIC
Denmark,2017,4.26,54600.0,81.1,HIC
Dominican Republic,2017,29.7,16500.0,72.5,HIC
Algeria,2017,24.0,11700.0,75.9,UMIC
Ecuador,2017,14.5,11300.0,76.0,UMIC
Egypt,2017,21.9,11000.0,70.5,UMIC
Eritrea,2017,43.4,1540.0,63.0,LMIC
Spain,2017,3.12,39200.0,83.0,HIC
Estonia,2017,2.8,34100.0,77.8,HIC
Ethiopia,2017,57.7,1990.0,67.9,LMIC
Finland,2017,1.85,47700.0,81.8,HIC
Fiji,2017,25.4,12800.0,68.2,UMIC
France,2017,4.08,44600.0,82.9,HIC
"Micronesia, Fed. Sts.",2017,31.8,3240.0,64.2,LMIC
Gabon,2017,46.0,14500.0,67.0,HIC
UK,2017,4.33,45400.0,81.2,HIC
Georgia,2017,10.0,13300.0,73.2,HIC
Ghana,2017,50.0,4940.0,65.1,UMIC
Guinea,2017,103.0,2380.0,59.9,LMIC
Gambia,2017,60.4,1910.0,66.0,LMIC
Guinea-Bissau,2017,84.5,1710.0,59.8,LMIC
Equatorial Guinea,2017,88.2,19400.0,65.6,UMIC
Greece,2017,4.58,28500.0,81.1,HIC
Grenada,2017,15.3,14900.0,73.0,HIC
Guatemala,2017,27.1,8320.0,72.3,UMIC
Guyana,2017,31.1,12200.0,66.9,HIC
"Hong Kong, China",2017,2.15,59800.0,84.9,HIC
Honduras,2017,18.2,5450.0,71.7,UMIC
Croatia,2017,4.75,27100.0,78.5,HIC
Haiti,2017,66.7,3200.0,63.1,LMIC
Hungary,2017,4.54,29500.0,76.3,HIC
Indonesia,2017,25.9,10900.0,70.9,UMIC
India,2017,38.7,6070.0,70.3,UMIC
Ireland,2017,3.73,76800.0,81.9,HIC
Iran,2017,14.9,15200.0,77.3,HIC
Iraq,2017,27.6,9980.0,71.5,UMIC
Iceland,2017,2.03,55000.0,83.9,HIC
Israel,2017,3.79,39500.0,83.0,HIC
Italy,2017,3.16,41100.0,83.1,HIC
Jamaica,2017,14.9,9990.0,76.3,UMIC
Jordan,2017,16.7,9450.0,78.2,UMIC
Japan,2017,2.57,41200.0,84.7,HIC
Kazakhstan,2017,10.4,25100.0,71.5,HIC
Kenya,2017,43.0,4310.0,65.7,UMIC
Kyrgyz Republic,2017,20.0,5070.0,73.0,UMIC
Cambodia,2017,29.2,3970.0,69.4,UMIC
Kiribati,2017,54.3,1860.0,60.3,LMIC
St. Kitts and Nevis,2017,12.4,29600.0,72.1,HIC
South Korea,2017,3.29,40900.0,82.9,HIC
Kuwait,2017,8.07,47000.0,81.6,HIC
Lao,2017,49.3,7210.0,68.4,UMIC
Lebanon,2017,7.71,17800.0,76.2,UMIC
Liberia,2017,73.4,1530.0,65.1,LMIC
Libya,2017,12.4,20000.0,75.6,HIC
St. Lucia,2017,17.0,15300.0,75.1,HIC
Sri Lanka,2017,7.8,13500.0,76.8,UMIC
Lesotho,2017,84.1,2630.0,50.8,LMIC
Lithuania,2017,4.42,33700.0,76.0,HIC
Luxembourg,2017,2.5,112000.0,82.8,HIC
Latvia,2017,4.17,28900.0,75.8,HIC
Morocco,2017,23.4,7910.0,72.9,UMIC
Monaco,2017,3.31,201000.0,79.8,HIC
Moldova,2017,16.0,11400.0,73.7,UMIC
Madagascar,2017,55.2,1550.0,64.8,LMIC
Maldives,2017,9.02,19200.0,78.9,HIC
Mexico,2017,13.4,20000.0,75.5,HIC
Marshall Islands,2017,34.0,4640.0,65.2,UMIC
North Macedonia,2017,11.0,15200.0,74.1,HIC
Mali,2017,101.0,2150.0,60.8,LMIC
Malta,2017,7.06,42500.0,82.4,HIC
Myanmar,2017,47.9,4580.0,68.3,LMIC
Montenegro,2017,2.77,19700.0,75.5,HIC
Mongolia,2017,17.0,11400.0,67.9,UMIC
Mozambique,2017,75.5,1290.0,57.3,LMIC
Mauritania,2017,78.2,5430.0,70.2,UMIC
Mauritius,2017,14.7,22100.0,75.3,HIC
Malawi,2017,52.7,1450.0,63.4,LMIC
Malaysia,2017,7.89,25900.0,75.1,HIC
Namibia,2017,41.4,10300.0,64.1,UMIC
Niger,2017,86.7,1160.0,61.5,LMIC
Nigeria,2017,122.0,5120.0,63.3,UMIC
Nicaragua,2017,18.5,5920.0,75.0,UMIC
Netherlands,2017,3.93,54400.0,81.7,HIC
Norway,2017,2.6,64599.99999999999,82.8,HIC
Nepal,2017,33.4,3500.0,70.6,LMIC
Nauru,2017,32.9,9990.0,63.0,UMIC
New Zealand,2017,5.81,42400.0,82.0,HIC
Oman,2017,11.4,34200.0,72.9,HIC
Pakistan,2017,71.5,4890.0,64.9,UMIC
Panama,2017,15.8,31600.0,79.6,HIC
Peru,2017,14.9,12500.0,79.8,UMIC
Philippines,2017,29.1,8000.0,71.2,UMIC
Palau,2017,18.5,17300.0,67.4,HIC
Papua New Guinea,2017,49.2,4000.0,64.3,LMIC
Poland,2017,4.57,29900.0,78.0,HIC
North Korea,2017,19.0,2000.0,72.7,LMIC
Portugal,2017,3.7,33100.0,81.6,HIC
Paraguay,2017,20.9,13600.0,76.3,HIC
Palestine,2017,20.8,6400.0,74.7,UMIC
Qatar,2017,7.16,92100.0,75.9,HIC
Romania,2017,7.82,27000.0,75.4,HIC
Russia,2017,7.56,26000.0,72.9,HIC
Rwanda,2017,36.9,1940.0,68.0,LMIC
Saudi Arabia,2017,7.47,46300.0,74.0,HIC
Sudan,2017,62.5,4610.0,69.8,LMIC
Senegal,2017,45.6,3260.0,67.5,LMIC
Singapore,2017,2.79,94600.0,84.7,HIC
Solomon Islands,2017,20.6,2540.0,58.8,LMIC
Sierra Leone,2017,110.0,1590.0,60.2,LMIC
El Salvador,2017,14.2,8560.0,75.4,UMIC
San Marino,2017,2.04,58200.0,82.0,HIC
Somalia,2017,125.0,1210.0,57.4,LIC
Serbia,2017,5.77,16600.0,75.6,HIC
South Sudan,2017,98.6,459.0,62.3,LIC
Sao Tome and Principe,2017,32.4,3900.0,70.4,LMIC
Suriname,2017,19.5,17700.0,72.5,HIC
Slovak Republic,2017,5.74,30200.0,77.4,HIC
Slovenia,2017,2.25,36400.0,81.3,HIC
Sweden,2017,2.77,51600.0,82.7,HIC
Eswatini,2017,58.1,8010.0,57.0,UMIC
Seychelles,2017,14.6,29100.0,73.4,HIC
Syria,2017,17.1,3760.0,68.3,LMIC
Chad,2017,123.0,1580.0,59.5,LMIC
Togo,2017,72.1,1980.0,63.8,LMIC
Thailand,2017,9.52,17000.0,78.2,HIC
Tajikistan,2017,35.9,3240.0,68.8,UMIC
Turkmenistan,2017,47.4,16600.0,70.5,HIC
Timor-Leste,2017,47.5,3140.0,70.5,LMIC
Tonga,2017,16.1,6260.0,72.8,UMIC
Trinidad and Tobago,2017,18.9,26500.0,74.8,HIC
Tunisia,2017,17.1,10800.0,77.3,UMIC
Turkey,2017,11.2,28000.0,77.8,HIC
Tuvalu,2017,25.1,4240.0,67.7,UMIC
Taiwan,2017,4.68,48500.0,80.2,HIC
Tanzania,2017,54.5,2460.0,66.0,LMIC
Uganda,2017,48.7,2130.0,65.0,LMIC
Ukraine,2017,8.97,11900.0,73.8,UMIC
Uruguay,2017,8.0,23600.0,77.3,HIC
USA,2017,6.64,59500.0,79.0,HIC
Uzbekistan,2017,22.7,6840.0,67.8,UMIC
St. Vincent and the Grenadines,2017,16.9,13600.0,72.7,HIC
Venezuela,2017,24.5,12300.0,75.5,UMIC
Vietnam,2017,21.1,9050.0,74.2,UMIC
Vanuatu,2017,27.2,3100.0,65.3,LMIC
Samoa,2017,16.3,6240.0,70.3,UMIC
Yemen,2017,55.0,2040.0,67.3,LMIC
South Africa,2017,35.3,13900.0,63.2,UMIC
Zambia,2017,59.4,3340.0,61.9,LMIC
Zimbabwe,2017,49.3,2330.0,59.9,LMIC
Afghanistan,2018,62.3,2060.0,62.7,LMIC
Angola,2018,77.2,6880.0,64.6,UMIC
Albania,2018,8.82,13300.0,78.4,HIC
Andorra,2018,2.89,56200.0,82.1,HIC
UAE,2018,7.59,71200.0,73.7,HIC
Argentina,2018,9.94,22700.0,76.5,HIC
Armenia,2018,12.4,13200.0,75.6,HIC
Antigua and Barbuda,2018,6.44,22400.0,76.2,HIC
Australia,2018,3.69,49200.0,82.9,HIC
Austria,2018,3.52,55500.0,82.1,HIC
Azerbaijan,2018,21.5,14200.0,70.8,HIC
Burundi,2018,58.5,740.0,63.4,LIC
Belgium,2018,3.65,50800.0,81.4,HIC
Benin,2018,93.0,3040.0,64.0,LMIC
Burkina Faso,2018,76.4,2050.0,61.3,LMIC
Bangladesh,2018,30.2,5120.0,74.2,UMIC
Bulgaria,2018,7.06,22200.0,73.3,HIC
Bahrain,2018,7.09,49000.0,77.0,HIC
Bahamas,2018,10.2,34100.0,73.8,HIC
Bosnia and Herzegovina,2018,5.81,14300.0,76.9,HIC
Belarus,2018,3.42,19000.0,74.0,HIC
Belize,2018,13.0,8660.0,74.4,UMIC
Bolivia,2018,26.8,8470.0,71.8,UMIC
Brazil,2018,14.3,14700.0,75.7,HIC
Barbados,2018,12.2,15900.0,76.5,HIC
Brunei,2018,11.6,59700.0,74.2,HIC
Bhutan,2018,29.7,11200.0,73.0,UMIC
Botswana,2018,36.5,15000.0,61.8,HIC
Central African Republic,2018,116.0,854.0,51.5,LIC
Canada,2018,4.97,48800.0,82.2,HIC
Switzerland,2018,4.12,68700.0,83.9,HIC
Chile,2018,7.19,25200.0,80.1,HIC
China,2018,8.6,15100.0,77.4,HIC
Cote d'Ivoire,2018,80.9,4980.0,63.6,UMIC
Cameroon,2018,76.1,3740.0,62.6,LMIC
"Congo, Dem. Rep.",2018,88.1,1050.0,64.7,LMIC
"Congo, Rep.",2018,50.1,3620.0,65.0,LMIC
Colombia,2018,14.2,14400.0,80.1,HIC
Comoros,2018,67.5,3290.0,68.5,LMIC
Cape Verde,2018,19.5,7490.0,73.5,UMIC
Costa Rica,2018,8.79,20500.0,80.0,HIC
Cuba,2018,4.98,9460.0,78.3,UMIC
Cyprus,2018,2.38,38500.0,80.8,HIC
Czech Republic,2018,3.37,39900.0,79.3,HIC
Germany,2018,3.66,53200.0,81.2,HIC
Djibouti,2018,59.3,4600.0,66.7,UMIC
Dominica,2018,35.7,11800.0,72.3,UMIC
Denmark,2018,4.22,55400.0,81.1,HIC
Dominican Republic,2018,28.9,17500.0,72.9,HIC
Algeria,2018,23.5,11700.0,76.0,UMIC
Ecuador,2018,14.2,11200.0,76.2,UMIC
Egypt,2018,21.2,11400.0,70.7,UMIC
Eritrea,2018,41.9,1720.0,63.4,LMIC
Spain,2018,3.03,39900.0,83.1,HIC
Estonia,2018,2.65,35300.0,77.9,HIC
Ethiopia,2018,55.2,2070.0,68.4,LMIC
Finland,2018,1.7,48100.0,81.8,HIC
Fiji,2018,25.6,13300.0,68.3,UMIC
France,2018,4.04,45300.0,82.9,HIC
"Micronesia, Fed. Sts.",2018,30.8,3220.0,64.1,LMIC
Gabon,2018,44.8,14300.0,67.5,HIC
UK,2018,4.26,45800.0,81.0,HIC
Georgia,2018,9.81,14100.0,73.3,HIC
Ghana,2018,47.9,5140.0,65.8,UMIC
Guinea,2018,101.0,2470.0,60.6,LMIC
Gambia,2018,58.4,1990.0,66.4,LMIC
Guinea-Bissau,2018,81.5,1740.0,60.3,LMIC
Equatorial Guinea,2018,85.3,17500.0,65.8,UMIC
Greece,2018,4.45,29100.0,81.0,HIC
Grenada,2018,15.2,15400.0,73.2,HIC
Guatemala,2018,26.2,8470.0,72.4,UMIC
Guyana,2018,30.1,12400.0,67.1,HIC
"Hong Kong, China",2018,2.08,61000.0,85.3,HIC
Honduras,2018,17.6,5560.0,71.9,UMIC
Croatia,2018,4.67,28200.0,78.6,HIC
Haiti,2018,64.8,3210.0,63.5,LMIC
Hungary,2018,4.27,31100.0,76.3,HIC
Indonesia,2018,25.0,11400.0,71.1,UMIC
India,2018,36.6,6400.0,70.5,UMIC
Ireland,2018,3.66,82200.0,82.0,HIC
Iran,2018,14.4,14700.0,77.6,HIC
Iraq,2018,26.7,10000.0,73.3,UMIC
Iceland,2018,1.96,56200.0,84.0,HIC
Israel,2018,3.73,40300.0,83.0,HIC
Italy,2018,3.03,41500.0,83.1,HIC
Jamaica,2018,14.4,10200.0,76.3,UMIC
Jordan,2018,16.1,9400.0,77.9,UMIC
Japan,2018,2.49,41500.0,84.8,HIC
Kazakhstan,2018,9.91,25800.0,71.7,HIC
Kenya,2018,41.1,4460.0,66.1,UMIC
Kyrgyz Republic,2018,18.9,5160.0,73.3,UMIC
Cambodia,2018,28.0,4220.0,69.7,UMIC
Kiribati,2018,52.5,1900.0,59.3,LMIC
St. Kitts and Nevis,2018,12.0,30200.0,72.1,HIC
South Korea,2018,3.19,41900.0,82.9,HIC
Kuwait,2018,7.85,46000.0,81.6,HIC
Lao,2018,47.3,7550.0,68.6,UMIC
Lebanon,2018,7.44,17900.0,76.2,UMIC
Liberia,2018,70.9,1520.0,65.7,LMIC
Libya,2018,12.0,21200.0,75.7,HIC
St. Lucia,2018,16.6,15700.0,75.1,HIC
Sri Lanka,2018,7.44,13700.0,77.2,UMIC
Lesotho,2018,81.1,2560.0,51.4,LMIC
Lithuania,2018,4.04,35300.0,76.1,HIC
Luxembourg,2018,2.42,111000.0,82.9,HIC
Latvia,2018,3.86,30300.0,75.8,HIC
Morocco,2018,22.4,8060.0,73.1,UMIC
Monaco,2018,3.21,204000.0,79.9,HIC
Moldova,2018,15.8,12100.0,74.0,UMIC
Madagascar,2018,53.6,1560.0,65.1,LMIC
Maldives,2018,8.62,20200.0,79.0,HIC
Mexico,2018,12.7,20200.0,75.5,HIC
Marshall Islands,2018,33.1,5030.0,65.3,UMIC
North Macedonia,2018,9.9,15700.0,74.3,HIC
Mali,2018,97.8,2190.0,61.2,LMIC
Malta,2018,7.02,44000.0,82.5,HIC
Myanmar,2018,46.2,4830.0,69.1,LMIC
Montenegro,2018,2.55,20700.0,75.6,HIC
Mongolia,2018,16.3,12100.0,68.0,UMIC
Mozambique,2018,73.2,1290.0,57.9,LMIC
Mauritania,2018,75.7,5540.0,70.5,UMIC
Mauritius,2018,15.5,23000.0,75.3,HIC
Malawi,2018,49.7,1480.0,64.1,LMIC
Malaysia,2018,7.78,26800.0,75.2,HIC
Namibia,2018,39.6,10300.0,64.7,UMIC
Niger,2018,83.7,1190.0,62.0,LMIC
Nigeria,2018,120.0,5090.0,63.8,UMIC
Nicaragua,2018,18.3,5640.0,75.2,UMIC
Netherlands,2018,3.87,55400.0,81.7,HIC
Norway,2018,2.54,64700.0,82.8,HIC
Nepal,2018,32.2,3720.0,70.8,LMIC
Nauru,2018,31.8,9710.0,63.2,UMIC
New Zealand,2018,5.7,43100.0,81.8,HIC
Oman,2018,11.4,34200.0,73.6,HIC
Pakistan,2018,69.3,5110.0,65.5,UMIC
Panama,2018,15.3,32299.999999999996,79.9,HIC
Peru,2018,14.3,12700.0,80.0,UMIC
Philippines,2018,28.4,8370.0,71.6,UMIC
Palau,2018,17.9,17400.0,67.4,HIC
Papua New Guinea,2018,47.8,3900.0,64.4,LMIC
Poland,2018,4.45,31700.0,78.0,HIC
North Korea,2018,18.2,1910.0,72.9,LMIC
Portugal,2018,3.75,34100.0,81.7,HIC
Paraguay,2018,20.1,13800.0,76.5,HIC
Palestine,2018,20.3,6320.0,74.7,UMIC
Qatar,2018,6.83,91400.0,76.1,HIC
Romania,2018,7.28,28800.0,75.5,HIC
Russia,2018,7.18,26700.0,73.0,HIC
Rwanda,2018,35.3,2050.0,68.3,LMIC
Saudi Arabia,2018,7.06,46700.0,74.3,HIC
Sudan,2018,60.5,4350.0,70.1,LMIC
Senegal,2018,43.6,3370.0,68.0,LMIC
Singapore,2018,2.81,97500.0,84.7,HIC
Solomon Islands,2018,20.0,2550.0,59.0,LMIC
Sierra Leone,2018,105.0,1610.0,61.2,LMIC
El Salvador,2018,13.7,8760.0,75.6,UMIC
San Marino,2018,1.96,58900.0,82.1,HIC
Somalia,2018,122.0,1210.0,57.9,LIC
Serbia,2018,5.55,17400.0,75.6,HIC
South Sudan,2018,98.6,435.0,63.0,LIC
Sao Tome and Principe,2018,31.2,4010.0,70.7,LMIC
Suriname,2018,18.9,18400.0,72.6,HIC
Slovak Republic,2018,5.59,31300.0,77.5,HIC
Slovenia,2018,2.14,37900.0,81.4,HIC
Sweden,2018,2.71,52000.0,82.7,HIC
Eswatini,2018,54.4,8130.0,57.8,UMIC
Seychelles,2018,14.4,30300.0,73.5,HIC
Syria,2018,16.7,3740.0,73.2,LMIC
Chad,2018,119.0,1560.0,59.9,LMIC
Togo,2018,69.8,2020.0,64.5,LMIC
Thailand,2018,9.1,17700.0,78.3,HIC
Tajikistan,2018,34.8,3410.0,69.2,UMIC
Turkmenistan,2018,45.8,16600.0,70.6,HIC
Timor-Leste,2018,45.8,3070.0,70.5,LMIC
Tonga,2018,15.6,6290.0,72.9,UMIC
Trinidad and Tobago,2018,18.3,25900.0,74.8,HIC
Tunisia,2018,17.0,11000.0,77.5,UMIC
Turkey,2018,10.6,28400.0,78.1,HIC
Tuvalu,2018,24.4,4280.0,67.8,UMIC
Taiwan,2018,4.56,49800.0,80.2,HIC
Tanzania,2018,53.0,2510.0,66.7,LMIC
Uganda,2018,46.4,2190.0,65.7,LMIC
Ukraine,2018,8.73,12300.0,73.9,UMIC
Uruguay,2018,7.58,23600.0,77.5,HIC
USA,2018,6.53,61000.0,79.0,HIC
Uzbekistan,2018,21.4,7120.0,68.1,UMIC
St. Vincent and the Grenadines,2018,16.4,14000.0,72.8,HIC
Venezuela,2018,24.5,10400.0,75.4,UMIC
Vietnam,2018,20.7,9640.0,74.3,UMIC
Vanuatu,2018,26.4,3110.0,65.3,LMIC
Samoa,2018,15.8,6140.0,70.4,UMIC
Yemen,2018,55.0,2000.0,66.1,LMIC
South Africa,2018,33.8,14000.0,64.4,UMIC
Zambia,2018,57.8,3370.0,62.5,LMIC
Zimbabwe,2018,46.2,2400.0,60.6,LMIC
Afghanistan,2019,60.1,2080.0,63.3,LMIC
Angola,2019,74.5,6600.0,65.1,UMIC
Albania,2019,8.68,13700.0,78.5,HIC
Andorra,2019,2.87,56300.0,82.2,HIC
UAE,2019,7.37,71500.0,73.9,HIC
Argentina,2019,9.66,22000.0,76.6,HIC
Armenia,2019,12.1,14300.0,75.7,HIC
Antigua and Barbuda,2019,6.25,22900.0,76.3,HIC
Australia,2019,3.59,49600.0,82.9,HIC
Austria,2019,3.37,56100.0,82.2,HIC
Azerbaijan,2019,20.7,14400.0,71.0,HIC
Burundi,2019,56.7,730.0,63.8,LIC
Belgium,2019,3.51,51600.0,81.4,HIC
Benin,2019,90.9,3160.0,64.5,LMIC
Burkina Faso,2019,74.0,2110.0,61.7,LMIC
Bangladesh,2019,28.9,5470.0,74.5,UMIC
Bulgaria,2019,6.76,23300.0,73.3,HIC
Bahrain,2019,6.89,49800.0,77.0,HIC
Bahamas,2019,9.88,33400.0,73.4,HIC
Bosnia and Herzegovina,2019,5.66,14900.0,77.0,HIC
Belarus,2019,3.35,19300.0,74.0,HIC
Belize,2019,12.7,8860.0,74.5,UMIC
Bolivia,2019,26.1,8530.0,72.0,UMIC
Brazil,2019,13.9,14700.0,75.8,HIC
Barbados,2019,11.9,16000.0,76.2,HIC
Brunei,2019,11.3,61400.0,74.4,HIC
Bhutan,2019,28.5,11800.0,73.2,UMIC
Botswana,2019,35.6,15100.0,62.3,HIC
Central African Republic,2019,113.0,861.0,52.4,LIC
Canada,2019,4.94,49000.0,82.2,HIC
Switzerland,2019,4.01,69000.0,84.0,HIC
Chile,2019,7.03,24900.0,80.2,HIC
China,2019,8.34,16000.0,77.6,HIC
Cote d'Ivoire,2019,78.9,5180.0,64.3,UMIC
Cameroon,2019,73.9,3770.0,63.4,LMIC
"Congo, Dem. Rep.",2019,86.2,1060.0,65.0,LMIC
"Congo, Rep.",2019,48.7,3580.0,65.4,LMIC
Colombia,2019,13.8,14600.0,80.2,HIC
Comoros,2019,66.2,3290.0,68.7,LMIC
Cape Verde,2019,18.8,7920.0,73.7,UMIC
Costa Rica,2019,8.47,20800.0,80.1,HIC
Cuba,2019,4.9,9450.0,78.7,UMIC
Cyprus,2019,2.3,40100.0,80.8,HIC
Czech Republic,2019,3.29,41000.0,79.5,HIC
Germany,2019,3.46,53700.0,81.2,HIC
Djibouti,2019,55.5,4780.0,66.8,UMIC
Dominica,2019,34.9,12400.0,72.3,UMIC
Denmark,2019,4.1,56000.0,81.1,HIC
Dominican Republic,2019,28.3,18200.0,73.2,HIC
Algeria,2019,22.8,11600.0,76.2,UMIC
Ecuador,2019,13.9,11000.0,76.4,UMIC
Egypt,2019,20.5,11800.0,71.0,UMIC
Eritrea,2019,39.8,1760.0,63.8,LMIC
Spain,2019,2.93,40400.0,83.1,HIC
Estonia,2019,2.5,36600.0,78.0,HIC
Ethiopia,2019,53.0,2180.0,68.8,LMIC
Finland,2019,1.63,48700.0,81.9,HIC
Fiji,2019,25.3,13200.0,68.4,UMIC
France,2019,3.94,46000.0,82.9,HIC
"Micronesia, Fed. Sts.",2019,30.0,3340.0,64.1,LMIC
Gabon,2019,43.5,14500.0,67.8,HIC
UK,2019,4.24,46300.0,81.1,HIC
Georgia,2019,9.37,14900.0,73.4,HIC
Ghana,2019,46.2,5360.0,66.3,UMIC
Guinea,2019,97.3,2550.0,61.2,LMIC
Gambia,2019,56.8,2060.0,66.7,LMIC
Guinea-Bissau,2019,79.1,1770.0,61.0,LMIC
Equatorial Guinea,2019,83.1,16000.0,66.0,UMIC
Greece,2019,4.37,29600.0,80.9,HIC
Grenada,2019,15.2,15400.0,73.3,HIC
Guatemala,2019,25.2,8670.0,72.6,UMIC
Guyana,2019,29.3,12800.0,67.3,HIC
"Hong Kong, China",2019,2.02,59600.0,85.3,HIC
Honduras,2019,17.1,5610.0,72.1,UMIC
Croatia,2019,4.57,29300.0,78.7,HIC
Haiti,2019,63.1,3110.0,63.8,LMIC
Hungary,2019,4.12,32700.000000000004,76.6,HIC
Indonesia,2019,24.1,11900.0,71.4,UMIC
India,2019,35.2,6570.0,70.8,UMIC
Ireland,2019,3.42,85400.0,82.0,HIC
Iran,2019,13.9,14100.0,77.8,HIC
Iraq,2019,25.9,10300.0,73.3,UMIC
Iceland,2019,1.92,56000.0,84.1,HIC
Israel,2019,3.58,41200.0,83.0,HIC
Italy,2019,2.93,42200.0,83.1,HIC
Jamaica,2019,14.1,10200.0,76.3,UMIC
Jordan,2019,15.7,9350.0,78.2,UMIC
Japan,2019,2.41,41400.0,84.8,HIC
Kazakhstan,2019,9.28,26600.0,71.9,HIC
Kenya,2019,39.8,4600.0,66.5,UMIC
Kyrgyz Republic,2019,18.4,5280.0,73.4,UMIC
Cambodia,2019,27.0,4460.0,69.9,UMIC
Kiribati,2019,51.0,1930.0,60.8,LMIC
St. Kitts and Nevis,2019,11.4,31100.0,72.1,HIC
South Korea,2019,3.03,42700.0,82.9,HIC
Kuwait,2019,7.63,45400.0,81.5,HIC
Lao,2019,45.5,7840.0,69.0,UMIC
Lebanon,2019,7.39,17200.0,76.6,UMIC
Liberia,2019,69.0,1460.0,66.1,LMIC
Libya,2019,11.6,19700.0,75.9,HIC
St. Lucia,2019,16.3,15500.0,75.1,HIC
Sri Lanka,2019,7.2,13500.0,77.3,UMIC
Lesotho,2019,78.5,2490.0,51.8,LMIC
Lithuania,2019,3.95,37100.0,76.2,HIC
Luxembourg,2019,2.36,112000.0,82.9,HIC
Latvia,2019,3.74,30700.0,75.9,HIC
Morocco,2019,21.5,8210.0,73.3,UMIC
Monaco,2019,3.09,206000.0,80.1,HIC
Moldova,2019,15.3,12700.0,74.3,UMIC
Madagascar,2019,51.1,1590.0,65.5,LMIC
Maldives,2019,8.24,21000.0,79.1,HIC
Mexico,2019,12.5,20000.0,75.6,HIC
Marshall Islands,2019,32.2,5710.0,65.5,UMIC
North Macedonia,2019,9.86,16400.0,74.4,HIC
Mali,2019,95.0,2220.0,61.8,LMIC
Malta,2019,6.81,45400.0,82.6,HIC
Myanmar,2019,44.9,5110.0,69.5,LMIC
Montenegro,2019,2.45,21500.0,75.9,HIC
Mongolia,2019,15.7,12500.0,68.1,UMIC
Mozambique,2019,70.6,1280.0,58.4,LMIC
Mauritania,2019,73.8,5570.0,70.8,UMIC
Mauritius,2019,15.1,23700.0,75.5,HIC
Malawi,2019,47.3,1520.0,64.7,LMIC
Malaysia,2019,7.58,27600.0,75.0,HIC
Namibia,2019,38.2,10000.0,65.2,UMIC
Niger,2019,80.5,1220.0,62.5,LMIC
Nigeria,2019,117.0,5080.0,64.3,UMIC
Nicaragua,2019,17.9,5400.0,75.4,UMIC
Netherlands,2019,3.68,56100.0,81.7,HIC
Norway,2019,2.45,65000.0,82.9,HIC
Nepal,2019,31.0,3920.0,71.1,LMIC
Nauru,2019,31.6,10400.0,63.4,UMIC
New Zealand,2019,5.61,43400.0,81.8,HIC
Oman,2019,10.9,33800.0,74.0,HIC
Pakistan,2019,67.9,5160.0,65.9,UMIC
Panama,2019,14.9,32800.0,80.0,HIC
Peru,2019,13.9,12800.0,80.3,UMIC
Philippines,2019,27.8,8730.0,71.8,UMIC
Palau,2019,17.4,17500.0,67.5,HIC
Papua New Guinea,2019,46.4,3980.0,64.7,LMIC
Poland,2019,4.27,33100.0,78.1,HIC
North Korea,2019,17.4,1910.0,73.2,LMIC
Portugal,2019,3.61,35000.0,81.7,HIC
Paraguay,2019,19.8,13600.0,76.6,HIC
Palestine,2019,19.8,6250.0,74.8,UMIC
Qatar,2019,6.66,90700.0,76.3,HIC
Romania,2019,7.07,30000.0,75.5,HIC
Russia,2019,6.81,27300.0,73.0,HIC
Rwanda,2019,33.6,2190.0,68.7,LMIC
Saudi Arabia,2019,6.75,46100.0,74.5,HIC
Sudan,2019,59.1,4130.0,70.5,LMIC
Senegal,2019,42.0,3430.0,68.5,LMIC
Singapore,2019,2.7,97700.0,84.8,HIC
Solomon Islands,2019,19.5,2540.0,59.2,LMIC
Sierra Leone,2019,102.0,1660.0,61.8,LMIC
El Salvador,2019,13.1,8970.0,75.7,UMIC
San Marino,2019,1.93,60100.0,82.2,HIC
Somalia,2019,119.0,1210.0,58.5,LIC
Serbia,2019,5.34,18300.0,75.7,HIC
South Sudan,2019,97.6,426.0,63.7,LIC
Sao Tome and Principe,2019,30.2,4030.0,70.9,LMIC
Suriname,2019,18.4,18400.0,72.7,HIC
Slovak Republic,2019,5.42,32100.0,77.6,HIC
Slovenia,2019,2.1,39000.0,81.4,HIC
Sweden,2019,2.62,52500.0,82.8,HIC
Eswatini,2019,52.5,8290.0,58.3,UMIC
Seychelles,2019,14.2,31700.0,73.6,HIC
Syria,2019,15.8,3650.0,73.9,LMIC
Chad,2019,117.0,1560.0,60.4,LMIC
Togo,2019,68.0,2070.0,65.0,LMIC
Thailand,2019,8.77,18000.0,78.4,HIC
Tajikistan,2019,33.6,3580.0,69.6,UMIC
Turkmenistan,2019,45.1,15800.0,70.8,HIC
Timor-Leste,2019,44.2,3740.0,70.6,LMIC
Tonga,2019,15.2,6340.0,73.0,UMIC
Trinidad and Tobago,2019,17.9,25700.0,74.9,HIC
Tunisia,2019,16.5,11100.0,77.7,UMIC
Turkey,2019,10.1,28200.0,78.4,HIC
Tuvalu,2019,23.9,4830.0,67.9,UMIC
Taiwan,2019,4.44,51300.0,80.3,HIC
Tanzania,2019,51.3,2580.0,67.2,LMIC
Uganda,2019,44.6,2250.0,66.2,LMIC
Ukraine,2019,8.46,12800.0,73.8,UMIC
Uruguay,2019,7.38,23800.0,77.5,HIC
USA,2019,6.58,62200.0,78.9,HIC
Uzbekistan,2019,20.8,7400.0,68.4,UMIC
St. Vincent and the Grenadines,2019,15.9,14200.0,73.0,HIC
Venezuela,2019,25.3,7800.0,75.0,UMIC
Vietnam,2019,20.4,10300.0,74.5,UMIC
Vanuatu,2019,25.7,3140.0,65.5,LMIC
Samoa,2019,15.4,6350.0,70.5,UMIC
Yemen,2019,54.9,2000.0,67.7,LMIC
South Africa,2019,32.9,13800.0,65.1,UMIC
Zambia,2019,56.1,3320.0,63.2,LMIC
Zimbabwe,2019,44.4,2200.0,61.0,LMIC
Afghanistan,2020,58.1,1970.0,62.3,LMIC
Angola,2020,72.3,6030.0,64.9,UMIC
Albania,2020,8.52,13300.0,76.2,HIC
Andorra,2020,2.85,49700.0,78.3,HIC
UAE,2020,7.16,67400.0,73.2,HIC
Argentina,2020,9.4,19600.0,75.2,HIC
Armenia,2020,11.7,13300.0,72.5,HIC
Antigua and Barbuda,2020,6.09,18500.0,76.4,HIC
Australia,2020,3.5,48800.0,84.1,HIC
Austria,2020,3.21,52100.0,81.8,HIC
Azerbaijan,2020,20.1,13700.0,64.9,HIC
Burundi,2020,55.1,711.0,63.0,LIC
Belgium,2020,3.38,48700.0,80.4,HIC
Benin,2020,88.8,3190.0,64.1,LMIC
Burkina Faso,2020,71.5,2090.0,61.4,LMIC
Bangladesh,2020,27.7,5590.0,73.7,UMIC
Bulgaria,2020,6.53,22500.0,72.0,HIC
Bahrain,2020,6.69,48000.0,76.2,HIC
Bahamas,2020,9.62,26100.0,74.9,HIC
Bosnia and Herzegovina,2020,5.5,14600.0,76.0,HIC
Belarus,2020,3.26,19200.0,72.3,HIC
Belize,2020,12.4,7530.0,73.4,UMIC
Bolivia,2020,25.4,7680.0,68.4,UMIC
Brazil,2020,13.5,14100.0,74.5,HIC
Barbados,2020,11.7,13900.0,76.3,HIC
Brunei,2020,11.1,61600.0,74.4,HIC
Bhutan,2020,27.4,10500.0,73.4,UMIC
Botswana,2020,34.8,13500.0,62.4,HIC
Central African Republic,2020,110.0,847.0,52.0,LIC
Canada,2020,4.89,46100.0,81.9,HIC
Switzerland,2020,3.91,67000.0,83.3,HIC
Chile,2020,6.86,23100.0,79.2,HIC
China,2020,8.09,16300.0,77.7,HIC
Cote d'Ivoire,2020,77.1,5090.0,63.9,UMIC
Cameroon,2020,72.0,3680.0,62.6,LMIC
"Congo, Dem. Rep.",2020,84.5,1040.0,64.5,LMIC
"Congo, Rep.",2020,47.5,3280.0,66.5,LMIC
Colombia,2020,13.5,13400.0,78.1,HIC
Comoros,2020,64.8,3220.0,68.8,LMIC
Cape Verde,2020,18.1,6220.0,72.6,UMIC
Costa Rica,2020,8.19,19700.0,79.9,HIC
Cuba,2020,4.82,8430.0,78.6,UMIC
Cyprus,2020,2.22,38300.0,80.8,HIC
Czech Republic,2020,3.21,38600.0,78.8,HIC
Germany,2020,3.24,51600.0,80.8,HIC
Djibouti,2020,52.9,4770.0,66.4,UMIC
Dominica,2020,34.3,10300.0,72.4,UMIC
Denmark,2020,3.97,54500.0,81.2,HIC
Dominican Republic,2020,27.7,16800.0,72.5,HIC
Algeria,2020,22.2,10800.0,74.2,UMIC
Ecuador,2020,13.5,9830.0,71.3,UMIC
Egypt,2020,19.8,12000.0,70.6,UMIC
Eritrea,2020,37.8,1820.0,63.6,LMIC
Spain,2020,2.84,35700.0,81.8,HIC
Estonia,2020,2.4,36100.0,77.7,HIC
Ethiopia,2020,50.8,2250.0,68.4,LMIC
Finland,2020,1.58,47500.0,81.9,HIC
Fiji,2020,24.8,10900.0,68.4,UMIC
France,2020,3.83,42400.0,82.3,HIC
"Micronesia, Fed. Sts.",2020,29.3,3250.0,63.8,LMIC
Gabon,2020,42.4,13900.0,67.7,HIC
UK,2020,4.21,41300.0,79.8,HIC
Georgia,2020,9.02,13900.0,72.7,HIC
Ghana,2020,44.8,5280.0,65.7,UMIC
Guinea,2020,94.3,2600.0,60.8,LMIC
Gambia,2020,55.1,2020.0,65.5,LMIC
Guinea-Bissau,2020,77.1,1760.0,60.1,LMIC
Equatorial Guinea,2020,81.0,14900.0,65.0,UMIC
Greece,2020,4.31,26900.0,80.6,HIC
Grenada,2020,15.2,13200.0,73.4,HIC
Guatemala,2020,24.3,8390.0,71.3,UMIC
Guyana,2020,28.7,18400.0,66.7,HIC
"Hong Kong, China",2020,1.97,55900.0,0.0,HIC
Honduras,2020,16.6,5030.0,70.7,UMIC
Croatia,2020,4.45,27000.0,77.9,HIC
Haiti,2020,61.6,2970.0,63.6,LMIC
Hungary,2020,3.99,31300.0,75.9,HIC
Indonesia,2020,23.3,11500.0,69.7,UMIC
India,2020,33.9,6140.0,70.0,UMIC
Ireland,2020,3.19,90100.0,82.2,HIC
Iran,2020,13.4,14400.0,76.5,HIC
Iraq,2020,25.1,8860.0,70.8,UMIC
Iceland,2020,1.89,51200.0,84.3,HIC
Israel,2020,3.45,39700.0,82.5,HIC
Italy,2020,2.83,38600.0,82.0,HIC
Jamaica,2020,13.8,9210.0,76.4,UMIC
Jordan,2020,15.3,9060.0,77.3,UMIC
Japan,2020,2.34,39800.0,85.1,HIC
Kazakhstan,2020,8.86,25600.0,70.4,HIC
Kenya,2020,38.5,4500.0,66.2,UMIC
Kyrgyz Republic,2020,17.8,4810.0,71.8,UMIC
Cambodia,2020,25.9,4280.0,69.6,UMIC
Kiribati,2020,49.5,1880.0,60.9,LMIC
St. Kitts and Nevis,2020,11.0,26300.0,72.2,HIC
South Korea,2020,2.91,42400.0,82.9,HIC
Kuwait,2020,7.42,43800.0,78.6,HIC
Lao,2020,43.9,7760.0,69.3,UMIC
Lebanon,2020,7.32,13800.0,75.3,UMIC
Liberia,2020,67.1,1380.0,65.9,LMIC
Libya,2020,11.2,15600.0,75.9,HIC
St. Lucia,2020,15.9,11700.0,75.1,HIC
Sri Lanka,2020,6.97,12900.0,77.7,UMIC
Lesotho,2020,75.7,2280.0,52.3,LMIC
Lithuania,2020,3.86,37100.0,75.1,HIC
Luxembourg,2020,2.31,110000.0,82.2,HIC
Latvia,2020,3.64,29800.0,75.8,HIC
Morocco,2020,20.6,7540.0,73.0,UMIC
Monaco,2020,3.0,208000.0,80.1,HIC
Moldova,2020,14.9,11800.0,73.5,UMIC
Madagascar,2020,48.7,1440.0,64.8,LMIC
Maldives,2020,7.87,13800.0,78.8,HIC
Mexico,2020,12.3,18200.0,71.5,HIC
Marshall Islands,2020,31.4,5710.0,65.7,UMIC
North Macedonia,2020,9.69,15800.0,72.3,HIC
Mali,2020,92.4,2120.0,60.8,LMIC
Malta,2020,6.61,40800.0,82.7,HIC
Myanmar,2020,43.6,4620.0,69.7,LMIC
Montenegro,2020,2.38,18300.0,75.1,HIC
Mongolia,2020,15.1,11700.0,68.4,UMIC
Mozambique,2020,68.1,1230.0,58.4,LMIC
Mauritania,2020,72.1,5400.0,69.5,UMIC
Mauritius,2020,14.8,20200.0,74.7,HIC
Malawi,2020,45.1,1490.0,64.3,LMIC
Malaysia,2020,7.38,25800.0,75.2,HIC
Namibia,2020,36.8,9030.0,65.0,UMIC
Niger,2020,77.7,1210.0,61.1,LMIC
Nigeria,2020,114.0,4870.0,64.3,UMIC
Nicaragua,2020,17.3,5230.0,73.1,UMIC
Netherlands,2020,3.53,53600.0,81.3,HIC
Norway,2020,2.36,63800.0,83.1,HIC
Nepal,2020,29.8,3760.0,70.8,LMIC
Nauru,2020,31.3,10400.0,63.3,UMIC
New Zealand,2020,5.54,42300.0,82.0,HIC
Oman,2020,10.4,33100.0,70.9,HIC
Pakistan,2020,66.6,5000.0,65.4,UMIC
Panama,2020,14.6,26600.0,78.8,HIC
Peru,2020,13.5,11200.0,77.6,UMIC
Philippines,2020,27.2,7770.0,72.1,UMIC
Palau,2020,16.9,16100.000000000002,68.1,HIC
Papua New Guinea,2020,45.2,3770.0,65.0,LMIC
Poland,2020,4.13,32500.0,77.1,HIC
North Korea,2020,16.7,1810.0,73.2,LMIC
Portugal,2020,3.46,32100.0,81.1,HIC
Paraguay,2020,19.4,13300.0,76.2,HIC
Palestine,2020,19.4,5400.0,74.0,UMIC
Qatar,2020,6.49,89000.0,74.5,HIC
Romania,2020,6.87,29100.0,74.4,HIC
Russia,2020,6.52,26600.0,70.4,HIC
Rwanda,2020,32.0,2070.0,69.0,LMIC
Saudi Arabia,2020,6.49,44300.0,73.5,HIC
Sudan,2020,57.8,3870.0,70.2,LMIC
Senegal,2020,40.3,3380.0,68.0,LMIC
Singapore,2020,2.61,94200.0,83.9,HIC
Solomon Islands,2020,19.0,2390.0,59.0,LMIC
Sierra Leone,2020,99.0,1590.0,61.3,LMIC
El Salvador,2020,12.6,8240.0,74.2,UMIC
San Marino,2020,1.9,56400.0,78.8,HIC
Somalia,2020,117.0,1140.0,57.4,LIC
Serbia,2020,5.16,18200.0,74.4,HIC
South Sudan,2020,96.3,387.0,63.3,LIC
Sao Tome and Principe,2020,29.3,4060.0,70.2,LMIC
Suriname,2020,17.9,15300.0,73.0,HIC
Slovak Republic,2020,5.27,31000.0,76.9,HIC
Slovenia,2020,2.07,37100.0,80.3,HIC
Sweden,2020,2.53,51000.0,82.2,HIC
Eswatini,2020,50.9,8080.0,57.4,UMIC
Seychelles,2020,14.0,27700.0,72.9,HIC
Syria,2020,14.8,3520.0,74.2,LMIC
Chad,2020,114.0,1490.0,59.8,LMIC
Togo,2020,66.2,2060.0,65.2,LMIC
Thailand,2020,8.49,16900.0,78.7,HIC
Tajikistan,2020,32.5,3650.0,66.7,UMIC
Turkmenistan,2020,44.4,15200.0,70.5,HIC
Timor-Leste,2020,42.7,4860.0,70.8,LMIC
Tonga,2020,14.8,6360.0,73.0,UMIC
Trinidad and Tobago,2020,17.5,23400.0,75.1,HIC
Tunisia,2020,15.9,10000.0,77.0,UMIC
Turkey,2020,9.73,28500.0,76.4,HIC
Tuvalu,2020,23.5,4580.0,68.0,UMIC
Taiwan,2020,4.33,53100.0,80.5,HIC
Tanzania,2020,49.5,2550.0,66.6,LMIC
Uganda,2020,43.0,2240.0,66.1,LMIC
Ukraine,2020,8.18,12400.0,71.9,UMIC
Uruguay,2020,7.2,22000.0,78.5,HIC
USA,2020,6.62,60200.0,77.2,HIC
Uzbekistan,2020,20.3,7410.0,67.5,UMIC
St. Vincent and the Grenadines,2020,15.5,13700.0,72.2,HIC
Venezuela,2020,25.5,5440.0,73.9,UMIC
Vietnam,2020,20.0,10500.0,75.8,UMIC
Vanuatu,2020,24.9,2910.0,65.8,LMIC
Samoa,2020,14.9,6060.0,71.1,UMIC
Yemen,2020,54.6,1780.0,67.3,LMIC
South Africa,2020,32.1,12800.0,64.2,UMIC
Zambia,2020,54.5,3130.0,62.8,LMIC
Zimbabwe,2020,43.1,1990.0,60.9,LMIC
Afghanistan,2021,56.1,1520.0,61.8,LMIC
Angola,2021,70.4,5910.0,64.2,UMIC
Albania,2021,8.36,14600.0,75.7,HIC
Andorra,2021,2.82,52800.0,79.6,HIC
UAE,2021,6.97,69700.0,73.0,HIC
Argentina,2021,9.16,21500.0,74.7,HIC
Armenia,2021,11.4,14200.0,72.3,HIC
Antigua and Barbuda,2021,5.95,19900.0,76.1,HIC
Australia,2021,3.41,49800.0,84.3,HIC
Austria,2021,3.04,54100.0,81.8,HIC
Azerbaijan,2021,19.7,14400.0,67.4,HIC
Burundi,2021,53.6,714.0,63.1,LIC
Belgium,2021,3.26,51800.0,81.5,HIC
Benin,2021,86.6,3320.0,63.8,LMIC
Burkina Faso,2021,69.0,2180.0,60.9,LMIC
Bangladesh,2021,26.6,5910.0,74.1,UMIC
Bulgaria,2021,6.34,24400.0,70.2,HIC
Bahrain,2021,6.51,49800.0,75.8,HIC
Bahamas,2021,9.41,30100.0,73.8,HIC
Bosnia and Herzegovina,2021,5.34,15900.0,75.0,HIC
Belarus,2021,3.15,19900.0,72.2,HIC
Belize,2021,12.1,8760.0,71.0,UMIC
Bolivia,2021,24.7,8050.0,67.5,UMIC
Brazil,2021,13.1,14700.0,73.2,HIC
Barbados,2021,11.4,13800.0,76.5,HIC
Brunei,2021,10.8,60100.0,74.3,HIC
Bhutan,2021,26.3,10900.0,73.6,UMIC
Botswana,2021,34.0,14900.0,58.1,HIC
Central African Republic,2021,107.0,838.0,51.3,LIC
Canada,2021,4.83,48200.0,82.5,HIC
Switzerland,2021,3.81,70100.0,84.2,HIC
Chile,2021,6.68,25400.0,78.8,HIC
China,2021,7.85,17700.0,77.8,HIC
Cote d'Ivoire,2021,75.3,5320.0,63.5,UMIC
Cameroon,2021,70.3,3700.0,62.1,LMIC
"Congo, Dem. Rep.",2021,82.9,1070.0,63.9,LMIC
"Congo, Rep.",2021,46.4,3230.0,66.2,LMIC
Colombia,2021,13.1,14700.0,76.1,HIC
Comoros,2021,63.5,3230.0,68.0,LMIC
Cape Verde,2021,17.5,6590.0,71.8,UMIC
Costa Rica,2021,7.96,21200.0,77.7,HIC
Cuba,2021,4.74,8570.0,74.7,UMIC
Cyprus,2021,2.15,41700.0,80.6,HIC
Czech Republic,2021,3.12,40700.0,77.9,HIC
Germany,2021,3.02,53200.0,80.3,HIC
Djibouti,2021,51.3,4910.0,66.0,UMIC
Dominica,2021,33.7,10900.0,71.6,UMIC
Denmark,2021,3.85,58000.0,81.1,HIC
Dominican Republic,2021,27.0,18600.0,72.2,HIC
Algeria,2021,21.6,11000.0,76.1,UMIC
Ecuador,2021,13.1,10700.0,72.8,UMIC
Egypt,2021,19.2,12200.0,69.8,UMIC
Eritrea,2021,35.9,1890.0,63.1,LMIC
Spain,2021,2.75,37900.0,82.6,HIC
Estonia,2021,2.33,38700.0,76.5,HIC
Ethiopia,2021,48.6,2320.0,67.9,LMIC
Finland,2021,1.52,48700.0,82.0,HIC
Fiji,2021,24.3,10400.0,67.6,UMIC
France,2021,3.74,45000.0,82.6,HIC
"Micronesia, Fed. Sts.",2021,28.7,3320.0,63.8,LMIC
Gabon,2021,41.3,13800.0,67.0,HIC
UK,2021,4.18,44900.0,80.1,HIC
Georgia,2021,8.73,15500.0,71.6,HIC
Ghana,2021,43.5,5440.0,65.3,UMIC
Guinea,2021,91.7,2640.0,60.4,LMIC
Gambia,2021,53.4,2080.0,65.0,LMIC
Guinea-Bissau,2021,75.3,1830.0,59.7,LMIC
Equatorial Guinea,2021,79.1,14600.0,64.8,UMIC
Greece,2021,4.24,29500.0,79.8,HIC
Grenada,2021,15.0,13700.0,73.4,HIC
Guatemala,2021,23.4,8930.0,68.7,UMIC
Guyana,2021,28.2,21900.0,64.0,HIC
"Hong Kong, China",2021,1.92,60000.0,0.0,HIC
Honduras,2021,16.2,5570.0,69.3,UMIC
Croatia,2021,4.32,31800.0,77.5,HIC
Haiti,2021,60.0,2880.0,62.7,LMIC
Hungary,2021,3.88,33600.0,74.7,HIC
Indonesia,2021,22.6,11900.0,68.4,UMIC
India,2021,32.7,6680.0,67.1,UMIC
Ireland,2021,2.98,103000.0,81.8,HIC
Iran,2021,12.9,15000.0,75.5,HIC
Iraq,2021,24.5,8790.0,72.0,UMIC
Iceland,2021,1.85,53000.0,84.3,HIC
Israel,2021,3.33,42400.0,82.4,HIC
Italy,2021,2.73,42100.0,82.4,HIC
Jamaica,2021,13.5,9610.0,74.9,UMIC
Jordan,2021,14.9,9200.0,76.4,UMIC
Japan,2021,2.29,41000.0,85.2,HIC
Kazakhstan,2021,8.61,26100.0,69.7,HIC
Kenya,2021,37.3,4750.0,64.9,UMIC
Kyrgyz Republic,2021,17.3,4930.0,72.1,UMIC
Cambodia,2021,24.9,4350.0,68.8,UMIC
Kiribati,2021,48.0,2010.0,61.0,LMIC
St. Kitts and Nevis,2021,10.7,26500.0,72.2,HIC
South Korea,2021,2.83,44200.0,83.0,HIC
Kuwait,2021,7.21,45700.0,80.4,HIC
Lao,2021,42.4,7850.0,68.9,UMIC
Lebanon,2021,7.24,13000.0,72.6,UMIC
Liberia,2021,65.3,1420.0,65.7,LMIC
Libya,2021,10.9,20300.0,75.3,HIC
St. Lucia,2021,15.6,13000.0,72.8,HIC
Sri Lanka,2021,6.76,13300.0,77.7,UMIC
Lesotho,2021,72.8,2290.0,50.7,LMIC
Lithuania,2021,3.76,39300.0,73.7,HIC
Luxembourg,2021,2.26,116000.0,83.4,HIC
Latvia,2021,3.55,32100.0,73.9,HIC
Morocco,2021,19.8,8060.0,73.1,UMIC
Monaco,2021,2.93,210000.0,79.5,HIC
Moldova,2021,14.4,13600.0,72.1,UMIC
Madagascar,2021,46.5,1480.0,64.1,LMIC
Maldives,2021,7.51,18800.0,78.9,HIC
Mexico,2021,12.1,19100.0,71.6,HIC
Marshall Islands,2021,30.7,5960.0,66.0,UMIC
North Macedonia,2021,9.41,16700.0,71.0,HIC
Mali,2021,89.9,2120.0,61.1,LMIC
Malta,2021,6.41,45600.0,83.1,HIC
Myanmar,2021,42.5,4030.0,68.5,LMIC
Montenegro,2021,2.32,20700.0,75.2,HIC
Mongolia,2021,14.5,11700.0,67.3,UMIC
Mozambique,2021,65.7,1230.0,56.6,LMIC
Mauritania,2021,70.7,5310.0,69.3,UMIC
Mauritius,2021,14.3,20900.0,73.9,HIC
Malawi,2021,43.0,1490.0,63.5,LMIC
Malaysia,2021,7.19,26300.0,74.2,HIC
Namibia,2021,35.4,9210.0,61.3,UMIC
Niger,2021,75.3,1190.0,61.2,LMIC
Nigeria,2021,111.0,4920.0,64.0,UMIC
Nicaragua,2021,16.7,5690.0,75.2,UMIC
Netherlands,2021,3.42,56600.0,81.4,HIC
Norway,2021,2.27,65900.0,83.2,HIC
Nepal,2021,28.7,3850.0,69.9,LMIC
Nauru,2021,30.9,11000.0,63.5,UMIC
New Zealand,2021,5.47,44000.0,81.7,HIC
Oman,2021,10.1,34300.0,68.8,HIC
Pakistan,2021,65.4,5230.0,65.2,UMIC
Panama,2021,14.3,30400.0,78.4,HIC
Peru,2021,13.1,12500.0,76.3,UMIC
Philippines,2021,26.6,8100.0,69.2,UMIC
Palau,2021,16.5,13800.0,68.8,HIC
Papua New Guinea,2021,44.0,3670.0,64.5,LMIC
Poland,2021,4.01,34900.0,76.6,HIC
North Korea,2021,16.0,1810.0,73.2,LMIC
Portugal,2021,3.3,33700.0,81.1,HIC
Paraguay,2021,19.1,13700.0,73.1,HIC
Palestine,2021,19.0,5640.0,73.0,UMIC
Qatar,2021,6.33,92900.0,74.7,HIC
Romania,2021,6.69,31000.0,73.2,HIC
Russia,2021,6.3,28200.0,68.5,HIC
Rwanda,2021,30.5,2240.0,68.3,LMIC
Saudi Arabia,2021,6.28,46600.0,74.2,HIC
Sudan,2021,56.4,3700.0,69.8,LMIC
Senegal,2021,38.7,3510.0,67.0,LMIC
Singapore,2021,2.54,108000.0,83.8,HIC
Solomon Islands,2021,18.6,2400.0,59.2,LMIC
Sierra Leone,2021,96.5,1610.0,61.6,LMIC
El Salvador,2021,12.2,9190.0,73.8,UMIC
San Marino,2021,1.87,61600.0,80.1,HIC
Somalia,2021,114.0,1140.0,56.7,LIC
Serbia,2021,5.01,19800.0,73.2,HIC
South Sudan,2021,94.6,396.0,62.7,LIC
Sao Tome and Principe,2021,28.4,4050.0,70.0,LMIC
Suriname,2021,17.5,14800.0,70.7,HIC
Slovak Republic,2021,5.12,32500.0,74.8,HIC
Slovenia,2021,2.05,40000.0,80.5,HIC
Sweden,2021,2.44,53800.0,82.8,HIC
Eswatini,2021,49.3,8860.0,54.9,UMIC
Seychelles,2021,13.7,27600.0,70.7,HIC
Syria,2021,13.8,3470.0,74.1,LMIC
Chad,2021,112.0,1430.0,59.5,LMIC
Togo,2021,64.4,2140.0,65.8,LMIC
Thailand,2021,8.25,17100.0,78.2,HIC
Tajikistan,2021,31.3,3910.0,70.3,UMIC
Turkmenistan,2021,43.6,14900.0,71.1,HIC
Timor-Leste,2021,41.3,5030.0,70.1,LMIC
Tonga,2021,14.4,6140.0,73.1,UMIC
Trinidad and Tobago,2021,17.2,23000.0,73.6,HIC
Tunisia,2021,15.4,10400.0,75.4,UMIC
Turkey,2021,9.36,31500.0,76.6,HIC
Tuvalu,2021,23.2,4600.0,68.2,UMIC
Taiwan,2021,4.21,57100.0,80.7,HIC
Tanzania,2021,47.7,2580.0,66.4,LMIC
Uganda,2021,41.7,2250.0,65.9,LMIC
Ukraine,2021,7.9,12900.0,71.0,UMIC
Uruguay,2021,7.02,23300.0,75.5,HIC
USA,2021,6.64,63600.0,77.0,HIC
Uzbekistan,2021,20.0,7800.0,68.0,UMIC
St. Vincent and the Grenadines,2021,15.2,13800.0,69.7,HIC
Venezuela,2021,25.3,5560.0,73.4,UMIC
Vietnam,2021,19.7,10600.0,74.0,UMIC
Vanuatu,2021,24.1,2800.0,66.0,LMIC
Samoa,2021,14.5,5530.0,71.1,UMIC
Yemen,2021,54.1,1730.0,66.3,LMIC
South Africa,2021,31.3,13300.0,61.4,UMIC
Zambia,2021,53.0,3240.0,61.6,LMIC
Zimbabwe,2021,42.0,2120.0,59.0,LMIC
Afghanistan,2022,54.2,1390.0,62.6,LMIC
Angola,2022,68.6,5910.0,64.5,UMIC
Albania,2022,8.19,15500.0,76.1,HIC
Andorra,2022,2.79,56400.0,82.7,HIC
UAE,2022,6.79,74600.0,73.4,HIC
Argentina,2022,8.94,22400.0,75.4,HIC
Armenia,2022,11.2,16000.0,73.7,HIC
Antigua and Barbuda,2022,5.82,21700.0,76.8,HIC
Australia,2022,3.33,51200.0,83.4,HIC
Austria,2022,2.87,56200.0,82.7,HIC
Azerbaijan,2022,19.5,15100.0,71.4,HIC
Burundi,2022,52.3,708.0,63.5,LIC
Belgium,2022,3.15,52900.0,81.9,HIC
Benin,2022,84.5,3440.0,64.0,LMIC
Burkina Faso,2022,66.5,2160.0,61.4,LMIC
Bangladesh,2022,25.4,6260.0,75.5,UMIC
Bulgaria,2022,6.19,27000.0,69.9,HIC
Bahrain,2022,6.34,51900.0,76.3,HIC
Bahamas,2022,9.26,33100.0,76.6,HIC
Bosnia and Herzegovina,2022,5.18,16800.0,75.0,HIC
Belarus,2022,3.04,19100.0,73.0,HIC
Belize,2022,11.8,9400.0,71.5,UMIC
Bolivia,2022,23.9,8240.0,68.9,UMIC
Brazil,2022,12.7,15100.0,73.9,HIC
Barbados,2022,11.2,15600.0,76.6,HIC
Brunei,2022,10.5,58700.0,74.2,HIC
Bhutan,2022,25.3,11400.0,74.0,UMIC
Botswana,2022,33.3,15500.0,62.7,HIC
Central African Republic,2022,104.0,823.0,51.8,LIC
Canada,2022,4.76,49200.0,82.7,HIC
Switzerland,2022,3.73,71300.0,84.5,HIC
Chile,2022,6.5,25800.0,79.3,HIC
China,2022,7.61,18200.0,78.2,HIC
Cote d'Ivoire,2022,73.8,5510.0,63.8,UMIC
Cameroon,2022,68.7,3730.0,62.7,LMIC
"Congo, Dem. Rep.",2022,81.4,1130.0,64.5,LMIC
"Congo, Rep.",2022,45.4,3210.0,65.8,LMIC
Colombia,2022,12.8,15600.0,77.0,HIC
Comoros,2022,62.3,3250.0,68.3,LMIC
Cape Verde,2022,16.9,7670.0,72.5,UMIC
Costa Rica,2022,7.75,22000.0,78.0,HIC
Cuba,2022,4.66,8760.0,79.2,UMIC
Cyprus,2022,2.09,43200.0,81.3,HIC
Czech Republic,2022,3.04,41100.0,78.3,HIC
Germany,2022,2.8,53800.0,80.6,HIC
Djibouti,2022,50.2,5030.0,66.6,UMIC
Dominica,2022,33.2,11500.0,71.8,UMIC
Denmark,2022,3.72,59100.0,81.6,HIC
Dominican Republic,2022,26.3,19300.0,73.8,HIC
Algeria,2022,20.9,11200.0,76.8,UMIC
Ecuador,2022,12.7,11200.0,77.0,UMIC
Egypt,2022,18.6,12800.0,69.8,UMIC
Eritrea,2022,34.2,1950.0,63.1,LMIC
Spain,2022,2.67,39800.0,83.5,HIC
Estonia,2022,2.28,38000.0,78.5,HIC
Ethiopia,2022,46.5,2380.0,68.6,LMIC
Finland,2022,1.47,49200.0,82.3,HIC
Fiji,2022,23.7,12400.0,68.8,UMIC
France,2022,3.65,46000.0,83.4,HIC
"Micronesia, Fed. Sts.",2022,28.1,3260.0,64.0,LMIC
Gabon,2022,40.4,13900.0,66.9,HIC
UK,2022,4.14,46400.0,81.5,HIC
Georgia,2022,8.49,17200.0,71.5,HIC
Ghana,2022,42.4,5530.0,65.5,UMIC
Guinea,2022,89.4,2700.0,60.5,LMIC
Gambia,2022,51.7,2130.0,65.8,LMIC
Guinea-Bissau,2022,73.6,1870.0,59.9,LMIC
Equatorial Guinea,2022,77.2,14800.0,65.5,UMIC
Greece,2022,4.18,31600.0,80.3,HIC
Grenada,2022,14.8,14600.0,73.8,HIC
Guatemala,2022,22.7,9160.0,68.2,UMIC
Guyana,2022,27.9,35700.0,64.3,HIC
"Hong Kong, China",2022,1.88,58400.0,0.0,HIC
Honduras,2022,15.8,5720.0,69.9,UMIC
Croatia,2022,4.19,34200.0,79.2,HIC
Haiti,2022,58.6,2800.0,63.3,LMIC
Hungary,2022,3.77,35400.0,75.1,HIC
Indonesia,2022,21.9,12400.0,69.1,UMIC
India,2022,31.6,7100.0,67.6,UMIC
Ireland,2022,2.79,110000.0,82.5,HIC
Iran,2022,12.4,15500.0,76.2,HIC
Iraq,2022,23.9,9250.0,73.0,UMIC
Iceland,2022,1.81,56300.0,84.5,HIC
Israel,2022,3.22,44400.0,82.8,HIC
Italy,2022,2.64,43900.0,83.6,HIC
Jamaica,2022,13.3,10100.0,75.0,UMIC
Jordan,2022,14.5,9310.0,76.3,UMIC
Japan,2022,2.24,41600.0,85.2,HIC
Kazakhstan,2022,8.46,26300.0,69.8,HIC
Kenya,2022,36.1,4880.0,65.6,UMIC
Kyrgyz Republic,2022,16.8,5220.0,72.7,UMIC
Cambodia,2022,24.0,4530.0,69.1,UMIC
Kiribati,2022,46.6,2050.0,61.2,LMIC
St. Kitts and Nevis,2022,10.4,29200.0,72.6,HIC
South Korea,2022,2.76,45500.0,83.3,HIC
Kuwait,2022,7.01,48200.0,82.1,HIC
Lao,2022,40.9,7950.0,69.8,UMIC
Lebanon,2022,7.16,13100.0,72.0,UMIC
Liberia,2022,63.5,1460.0,66.1,LMIC
Libya,2022,10.6,20300.0,75.6,HIC
St. Lucia,2022,15.2,15400.0,72.9,HIC
Sri Lanka,2022,6.55,12300.0,77.9,UMIC
Lesotho,2022,69.9,2300.0,50.7,LMIC
Lithuania,2022,3.65,39800.0,74.3,HIC
Luxembourg,2022,2.21,115000.0,83.4,HIC
Latvia,2022,3.47,33100.0,76.3,HIC
Morocco,2022,19.0,8080.0,74.0,UMIC
Monaco,2022,2.86,214000.0,80.4,HIC
Moldova,2022,14.0,13200.0,71.9,UMIC
Madagascar,2022,44.3,1500.0,64.8,LMIC
Maldives,2022,7.17,21300.0,79.8,HIC
Mexico,2022,11.9,19700.0,76.3,HIC
Marshall Islands,2022,30.0,5990.0,65.9,UMIC
North Macedonia,2022,9.09,17100.0,71.1,HIC
Mali,2022,87.6,2130.0,61.6,LMIC
Malta,2022,6.22,48100.0,83.1,HIC
Myanmar,2022,41.4,4170.0,70.1,LMIC
Montenegro,2022,2.26,22100.0,75.7,HIC
Mongolia,2022,13.9,12100.0,68.9,UMIC
Mozambique,2022,63.4,1250.0,56.9,LMIC
Mauritania,2022,69.3,5500.0,69.7,UMIC
Mauritius,2022,13.9,22800.0,74.3,HIC
Malawi,2022,41.1,1470.0,63.5,LMIC
Malaysia,2022,7.01,28300.0,75.5,HIC
Namibia,2022,33.9,9560.0,60.0,UMIC
Niger,2022,73.0,1280.0,61.7,LMIC
Nigeria,2022,109.0,4960.0,65.2,UMIC
Nicaragua,2022,16.1,5820.0,76.0,UMIC
Netherlands,2022,3.32,58500.0,82.2,HIC
Norway,2022,2.18,67300.0,83.3,HIC
Nepal,2022,27.6,4000.0,72.0,LMIC
Nauru,2022,30.5,11100.0,63.9,UMIC
New Zealand,2022,5.39,45200.0,82.2,HIC
Oman,2022,9.77,35300.0,70.1,HIC
Pakistan,2022,64.2,5380.0,65.5,UMIC
Panama,2022,14.0,33300.0,79.0,HIC
Peru,2022,12.6,12700.0,77.3,UMIC
Philippines,2022,26.0,8580.0,72.2,UMIC
Palau,2022,16.2,13700.0,68.1,HIC
Papua New Guinea,2022,42.8,3790.0,65.1,LMIC
Poland,2022,3.9,37800.0,77.2,HIC
North Korea,2022,15.4,1800.0,73.5,LMIC
Portugal,2022,3.13,35800.0,82.3,HIC
Paraguay,2022,18.8,13500.0,73.3,HIC
Palestine,2022,18.6,5730.0,73.0,UMIC
Qatar,2022,6.17,96500.0,76.8,HIC
Romania,2022,6.53,32400.0,73.2,HIC
Russia,2022,6.12,27700.0,69.2,HIC
Rwanda,2022,29.1,2360.0,69.4,LMIC
Saudi Arabia,2022,6.11,49400.0,75.1,HIC
Sudan,2022,55.1,3570.0,70.2,LMIC
Senegal,2022,37.1,3550.0,67.9,LMIC
Singapore,2022,2.48,108000.0,85.2,HIC
Solomon Islands,2022,18.3,2400.0,59.5,LMIC
Sierra Leone,2022,94.1,1630.0,61.9,LMIC
El Salvador,2022,11.7,9420.0,74.6,UMIC
San Marino,2022,1.84,64500.0,82.6,HIC
Somalia,2022,112.0,1130.0,57.5,LIC
Serbia,2022,4.87,20900.0,73.1,HIC
South Sudan,2022,92.8,365.0,63.4,LIC
Sao Tome and Principe,2022,27.6,3980.0,71.2,LMIC
Suriname,2022,17.1,15000.0,70.7,HIC
Slovak Republic,2022,4.97,33200.0,75.2,HIC
Slovenia,2022,2.02,40900.0,81.9,HIC
Sweden,2022,2.36,54800.0,83.3,HIC
Eswatini,2022,47.9,8830.0,54.2,UMIC
Seychelles,2022,13.4,26300.0,71.2,HIC
Syria,2022,12.7,3350.0,74.4,LMIC
Chad,2022,110.0,1420.0,60.1,LMIC
Togo,2022,62.7,2210.0,65.8,LMIC
Thailand,2022,8.04,17500.0,79.1,HIC
Tajikistan,2022,30.1,4140.0,70.0,UMIC
Turkmenistan,2022,42.8,15500.0,71.2,HIC
Timor-Leste,2022,40.0,3940.0,71.4,LMIC
Tonga,2022,14.1,5970.0,73.4,UMIC
Trinidad and Tobago,2022,16.8,23300.0,75.4,HIC
Tunisia,2022,14.8,10600.0,75.9,UMIC
Turkey,2022,9.02,32900.0,79.0,HIC
Tuvalu,2022,22.9,4590.0,68.5,UMIC
Taiwan,2022,4.11,58700.0,80.9,HIC
Tanzania,2022,45.9,2620.0,67.0,LMIC
Uganda,2022,40.4,2280.0,66.9,LMIC
Ukraine,2022,7.62,10800.0,67.9,UMIC
Uruguay,2022,6.86,24400.0,78.0,HIC
USA,2022,6.62,64599.99999999999,78.0,HIC
Uzbekistan,2022,19.6,8070.0,68.8,UMIC
St. Vincent and the Grenadines,2022,14.9,14900.0,69.1,HIC
Venezuela,2022,24.6,6160.0,74.0,UMIC
Vietnam,2022,19.4,11400.0,75.0,UMIC
Vanuatu,2022,23.4,2790.0,66.0,LMIC
Samoa,2022,14.1,5160.0,70.9,UMIC
Yemen,2022,53.5,1720.0,66.3,LMIC
South Africa,2022,30.5,13500.0,60.5,UMIC
Zambia,2022,51.5,3310.0,62.2,LMIC
Zimbabwe,2022,41.3,2210.0,59.1,LMIC
Afghanistan,2023,52.4,1360.0,64.0,LMIC
Angola,2023,67.0,5780.0,65.9,UMIC
Albania,2023,8.01,16200.0,77.3,HIC
Andorra,2023,2.77,55300.0,82.9,HIC
UAE,2023,6.62,76500.0,74.6,HIC
Argentina,2023,8.72,21800.0,77.3,HIC
Armenia,2023,10.9,17500.0,76.5,HIC
Antigua and Barbuda,2023,5.71,22400.0,77.0,HIC
Australia,2023,3.25,51600.0,83.5,HIC
Austria,2023,2.73,55200.0,82.8,HIC
Azerbaijan,2023,19.2,15300.0,71.5,HIC
Burundi,2023,51.0,708.0,64.0,LIC
Belgium,2023,3.05,53000.0,82.0,HIC
Benin,2023,82.5,3560.0,64.5,LMIC
Burkina Faso,2023,64.1,2170.0,62.2,LMIC
Bangladesh,2023,24.4,6560.0,75.8,UMIC
Bulgaria,2023,6.06,27600.0,71.2,HIC
Bahrain,2023,6.18,52700.0,77.7,HIC
Bahamas,2023,9.13,33800.0,76.8,HIC
Bosnia and Herzegovina,2023,5.03,17200.0,75.9,HIC
Belarus,2023,2.95,19900.0,74.8,HIC
Belize,2023,11.6,9700.0,75.2,UMIC
Bolivia,2023,23.1,8330.0,73.0,UMIC
Brazil,2023,12.3,15500.0,76.7,HIC
Barbados,2023,11.0,16300.0,76.8,HIC
Brunei,2023,10.2,59000.0,74.2,HIC
Bhutan,2023,24.5,12400.0,74.3,UMIC
Botswana,2023,32.5,15600.0,62.8,HIC
Central African Republic,2023,102.0,807.0,52.8,LIC
Canada,2023,4.67,48200.0,82.8,HIC
Switzerland,2023,3.64,71200.0,84.6,HIC
Chile,2023,6.32,25800.0,81.0,HIC
China,2023,7.39,19200.0,78.4,HIC
Cote d'Ivoire,2023,72.3,5730.0,65.1,UMIC
Cameroon,2023,67.1,3780.0,63.7,LMIC
"Congo, Dem. Rep.",2023,79.9,1190.0,65.4,LMIC
"Congo, Rep.",2023,44.4,3200.0,66.0,LMIC
Colombia,2023,12.4,15700.0,81.0,HIC
Comoros,2023,61.0,3270.0,69.8,LMIC
Cape Verde,2023,16.4,7990.0,74.6,UMIC
Costa Rica,2023,7.55,23000.0,80.9,HIC
Cuba,2023,4.57,8840.0,79.4,UMIC
Cyprus,2023,2.03,43500.0,81.5,HIC
Czech Republic,2023,2.95,40200.0,80.0,HIC
Germany,2023,2.63,53200.0,81.8,HIC
Djibouti,2023,49.2,5290.0,67.5,UMIC
Dominica,2023,32.7,11900.0,73.0,UMIC
Denmark,2023,3.6,59800.0,81.7,HIC
Dominican Republic,2023,25.6,19600.0,74.0,HIC
Algeria,2023,20.4,11500.0,77.1,UMIC
Ecuador,2023,12.3,11300.0,77.2,UMIC
Egypt,2023,18.0,13100.0,70.4,UMIC
Eritrea,2023,32.6,2020.0,63.8,LMIC
Spain,2023,2.59,40300.0,83.6,HIC
Estonia,2023,2.24,36400.0,78.7,HIC
Ethiopia,2023,44.5,2470.0,69.7,LMIC
Finland,2023,1.43,48500.0,82.5,HIC
Fiji,2023,23.1,13300.0,68.9,UMIC
France,2023,3.56,46100.0,83.5,HIC
"Micronesia, Fed. Sts.",2023,27.5,3260.0,64.3,LMIC
Gabon,2023,39.5,14000.0,67.4,HIC
UK,2023,4.08,46000.0,81.7,HIC
Georgia,2023,8.27,18200.0,72.4,HIC
Ghana,2023,41.4,5590.0,66.1,UMIC
Guinea,2023,87.2,2820.0,61.1,LMIC
Gambia,2023,50.1,2180.0,67.1,LMIC
Guinea-Bissau,2023,72.0,1910.0,60.6,LMIC
Equatorial Guinea,2023,75.5,13600.0,66.3,UMIC
Greece,2023,4.09,32500.0,81.7,HIC
Grenada,2023,14.6,15200.0,73.9,HIC
Guatemala,2023,21.9,9350.0,69.6,UMIC
Guyana,2023,27.6,47100.0,68.0,HIC
"Hong Kong, China",2023,1.84,58700.0,0.0,HIC
Honduras,2023,15.4,5830.0,72.7,UMIC
Croatia,2023,4.07,35300.0,79.3,HIC
Haiti,2023,57.1,2710.0,64.3,LMIC
Hungary,2023,3.68,35300.0,77.3,HIC
Indonesia,2023,21.2,12900.0,72.0,UMIC
India,2023,30.6,7570.0,71.9,UMIC
Ireland,2023,2.64,104000.0,82.6,HIC
Iran,2023,11.9,16100.000000000002,78.6,HIC
Iraq,2023,23.4,8780.0,73.8,UMIC
Iceland,2023,1.77,56800.0,84.6,HIC
Israel,2023,3.11,44400.0,83.6,HIC
Italy,2023,2.55,44400.0,83.8,HIC
Jamaica,2023,13.1,10300.0,76.9,UMIC
Jordan,2023,14.2,9510.0,77.2,UMIC
Japan,2023,2.2,42600.0,85.3,HIC
Kazakhstan,2023,8.34,27300.0,70.7,HIC
Kenya,2023,34.9,5050.0,66.9,UMIC
Kyrgyz Republic,2023,16.3,5440.0,73.3,UMIC
Cambodia,2023,23.1,4730.0,70.7,UMIC
Kiribati,2023,45.2,2100.0,61.4,LMIC
St. Kitts and Nevis,2023,10.2,30200.0,72.7,HIC
South Korea,2023,2.7,46100.0,83.4,HIC
Kuwait,2023,6.83,46700.0,82.3,HIC
Lao,2023,39.6,8130.0,70.1,UMIC
Lebanon,2023,7.06,13500.0,73.6,UMIC
Liberia,2023,61.8,1500.0,67.1,LMIC
Libya,2023,10.3,19800.0,76.8,HIC
St. Lucia,2023,14.9,15800.0,75.8,HIC
Sri Lanka,2023,6.37,12100.0,78.1,UMIC
Lesotho,2023,67.2,2290.0,52.5,LMIC
Lithuania,2023,3.56,39100.0,76.9,HIC
Luxembourg,2023,2.16,111000.0,83.5,HIC
Latvia,2023,3.4,33000.0,76.4,HIC
Morocco,2023,18.2,8250.0,74.3,UMIC
Monaco,2023,2.81,218000.0,80.5,HIC
Moldova,2023,13.6,13600.0,72.8,UMIC
Madagascar,2023,42.3,1530.0,66.0,LMIC
Maldives,2023,6.86,22200.0,80.0,HIC
Mexico,2023,11.7,20200.0,76.5,HIC
Marshall Islands,2023,29.4,6120.0,66.0,UMIC
North Macedonia,2023,8.77,17500.0,72.4,HIC
Mali,2023,85.3,2170.0,62.2,LMIC
Malta,2023,6.05,48800.0,83.2,HIC
Myanmar,2023,40.3,4180.0,70.3,LMIC
Montenegro,2023,2.22,23500.0,76.6,HIC
Mongolia,2023,13.4,12700.0,69.1,UMIC
Mozambique,2023,61.2,1270.0,59.5,LMIC
Mauritania,2023,68.0,5540.0,70.5,UMIC
Mauritius,2023,13.6,24400.0,76.0,HIC
Malawi,2023,39.2,1450.0,64.3,LMIC
Malaysia,2023,6.85,29000.0,75.7,HIC
Namibia,2023,32.6,9820.0,61.6,UMIC
Niger,2023,70.8,1260.0,62.5,LMIC
Nigeria,2023,106.0,4990.0,65.5,UMIC
Nicaragua,2023,15.6,6000.0,76.1,UMIC
Netherlands,2023,3.22,58000.0,82.3,HIC
Norway,2023,2.1,66900.0,83.5,HIC
Nepal,2023,26.7,4030.0,72.3,LMIC
Nauru,2023,30.1,11100.0,64.1,UMIC
New Zealand,2023,5.3,44600.0,82.4,HIC
Oman,2023,9.5,35300.0,74.9,HIC
Pakistan,2023,62.9,5270.0,66.4,UMIC
Panama,2023,13.6,35200.0,80.8,HIC
Peru,2023,12.2,12600.0,81.1,UMIC
Philippines,2023,25.5,8920.0,72.3,UMIC
Palau,2023,15.8,13800.0,68.3,HIC
Papua New Guinea,2023,41.7,3820.0,65.3,LMIC
Poland,2023,3.8,38000.0,78.8,HIC
North Korea,2023,14.9,1800.0,73.7,LMIC
Portugal,2023,2.98,36200.0,82.4,HIC
Paraguay,2023,18.5,14000.0,77.1,HIC
Palestine,2023,18.2,5290.0,73.8,UMIC
Qatar,2023,6.02,88800.0,77.0,HIC
Romania,2023,6.37,33100.0,74.2,HIC
Russia,2023,5.96,28800.0,73.6,HIC
Rwanda,2023,27.8,2500.0,69.6,LMIC
Saudi Arabia,2023,5.95,48400.0,75.3,HIC
Sudan,2023,53.8,3060.0,70.7,LMIC
Senegal,2023,35.6,3590.0,69.3,LMIC
Singapore,2023,2.43,104000.0,85.4,HIC
Solomon Islands,2023,17.9,2420.0,59.6,LMIC
Sierra Leone,2023,91.9,1660.0,62.3,LMIC
El Salvador,2023,11.3,9700.0,76.6,UMIC
San Marino,2023,1.82,68800.0,82.8,HIC
Somalia,2023,110.0,1130.0,58.8,LIC
Serbia,2023,4.73,21500.0,74.2,HIC
South Sudan,2023,91.0,354.0,64.4,LIC
Sao Tome and Principe,2023,26.7,3880.0,71.3,LMIC
Suriname,2023,16.7,15200.0,73.3,HIC
Slovak Republic,2023,4.84,33800.0,78.2,HIC
Slovenia,2023,1.99,41400.0,82.1,HIC
Sweden,2023,2.28,54500.0,83.4,HIC
Eswatini,2023,46.6,9190.0,55.5,UMIC
Seychelles,2023,13.1,27200.0,74.4,HIC
Syria,2023,11.7,3170.0,74.5,LMIC
Chad,2023,108.0,1430.0,60.9,LMIC
Togo,2023,61.0,2300.0,66.0,LMIC
Thailand,2023,7.85,17800.0,79.3,HIC
Tajikistan,2023,29.0,4400.0,70.1,UMIC
Turkmenistan,2023,42.0,15600.0,71.4,HIC
Timor-Leste,2023,38.8,3320.0,71.7,LMIC
Tonga,2023,13.7,5800.0,73.5,UMIC
Trinidad and Tobago,2023,16.5,23700.0,75.5,HIC
Tunisia,2023,14.3,10500.0,78.7,UMIC
Turkey,2023,8.71,34200.0,79.3,HIC
Tuvalu,2023,22.6,4730.0,68.8,UMIC
Taiwan,2023,4.01,59500.0,81.1,HIC
Tanzania,2023,44.2,2680.0,67.8,LMIC
Uganda,2023,39.3,2330.0,67.1,LMIC
Ukraine,2023,7.37,11700.0,72.3,UMIC
Uruguay,2023,6.7,24500.0,78.2,HIC
USA,2023,6.57,65900.0,79.5,HIC
Uzbekistan,2023,19.4,8380.0,68.9,UMIC
St. Vincent and the Grenadines,2023,14.6,15800.0,70.4,HIC
Venezuela,2023,23.8,6500.0,75.8,UMIC
Vietnam,2023,19.0,11900.0,75.1,UMIC
Vanuatu,2023,22.7,2780.0,66.2,LMIC
Samoa,2023,13.8,5490.0,71.1,UMIC
Yemen,2023,52.8,1650.0,67.2,LMIC
South Africa,2023,29.8,13400.0,61.9,UMIC
Zambia,2023,50.1,3410.0,63.4,LMIC
Zimbabwe,2023,40.6,2270.0,61.7,LMIC
Afghanistan,2024,50.6,1330.0,64.8,LMIC
Angola,2024,65.4,5750.0,66.1,UMIC
Albania,2024,7.83,16800.0,79.5,HIC
Andorra,2024,2.75,55200.0,83.0,HIC
UAE,2024,6.46,78600.0,74.8,HIC
Argentina,2024,8.52,21000.0,77.4,HIC
Armenia,2024,10.6,18500.0,76.7,HIC
Antigua and Barbuda,2024,5.6,23400.0,77.2,HIC
Australia,2024,3.18,51800.0,83.7,HIC
Austria,2024,2.62,55200.0,83.0,HIC
Azerbaijan,2024,18.9,15600.0,71.6,HIC
Burundi,2024,49.7,717.0,64.8,LIC
Belgium,2024,2.95,53400.0,82.2,HIC
Benin,2024,80.6,3670.0,65.5,LMIC
Burkina Faso,2024,61.8,2230.0,62.7,LMIC
Bangladesh,2024,23.4,6960.0,76.0,UMIC
Bulgaria,2024,5.93,28500.0,74.2,HIC
Bahrain,2024,6.04,53200.0,77.8,HIC
Bahamas,2024,9.0,34200.0,76.9,HIC
Bosnia and Herzegovina,2024,4.89,17600.0,77.8,HIC
Belarus,2024,2.86,19600.0,75.0,HIC
Belize,2024,11.3,9830.0,75.3,UMIC
Bolivia,2024,22.4,8360.0,73.2,UMIC
Brazil,2024,11.9,15700.0,76.9,HIC
Barbados,2024,10.8,16800.0,76.9,HIC
Brunei,2024,9.97,60400.0,74.2,HIC
Bhutan,2024,23.7,12800.0,74.6,UMIC
Botswana,2024,31.8,15900.0,63.0,HIC
Central African Republic,2024,99.5,820.0,53.4,LIC
Canada,2024,4.56,47700.0,83.0,HIC
Switzerland,2024,3.56,71600.0,84.7,HIC
Chile,2024,6.14,26200.0,81.2,HIC
China,2024,7.18,20100.0,78.6,HIC
Cote d'Ivoire,2024,71.0,5930.0,65.3,UMIC
Cameroon,2024,65.6,3850.0,64.3,LMIC
"Congo, Dem. Rep.",2024,78.5,1210.0,66.0,LMIC
"Congo, Rep.",2024,43.5,3250.0,66.2,LMIC
Colombia,2024,12.1,15700.0,81.2,HIC
Comoros,2024,59.8,3270.0,70.0,LMIC
Cape Verde,2024,15.8,8280.0,74.8,UMIC
Costa Rica,2024,7.35,23700.0,81.1,HIC
Cuba,2024,4.48,8930.0,79.6,UMIC
Cyprus,2024,1.98,44700.0,81.6,HIC
Czech Republic,2024,2.88,40100.0,80.2,HIC
Germany,2024,2.49,53200.0,82.0,HIC
Djibouti,2024,48.2,5560.0,68.1,UMIC
Dominica,2024,32.3,12400.0,73.1,UMIC
Denmark,2024,3.49,60800.0,81.9,HIC
Dominican Republic,2024,25.0,20500.0,74.2,HIC
Algeria,2024,19.8,11600.0,77.3,UMIC
Ecuador,2024,11.9,11200.0,77.3,UMIC
Egypt,2024,17.5,13200.0,71.8,UMIC
Eritrea,2024,31.1,2090.0,65.2,LMIC
Spain,2024,2.52,40600.0,83.7,HIC
Estonia,2024,2.2,36200.0,78.8,HIC
Ethiopia,2024,42.6,2590.0,70.4,LMIC
Finland,2024,1.38,48500.0,82.7,HIC
Fiji,2024,22.5,13600.0,69.1,UMIC
France,2024,3.48,46400.0,83.6,HIC
"Micronesia, Fed. Sts.",2024,27.0,3290.0,64.9,LMIC
Gabon,2024,38.7,14100.0,68.5,HIC
UK,2024,4.0,46000.0,81.8,HIC
Georgia,2024,8.05,19300.0,74.3,HIC
Ghana,2024,40.4,5600.0,67.2,UMIC
Guinea,2024,85.0,2870.0,62.3,LMIC
Gambia,2024,48.6,2250.0,67.9,LMIC
Guinea-Bissau,2024,70.6,1960.0,62.0,LMIC
Equatorial Guinea,2024,73.7,13300.0,66.8,UMIC
Greece,2024,4.0,33100.0,81.9,HIC
Grenada,2024,14.3,15800.0,74.1,HIC
Guatemala,2024,21.3,9490.0,73.5,UMIC
Guyana,2024,27.2,57000.0,68.1,HIC
"Hong Kong, China",2024,1.81,60000.0,85.42,HIC
Honduras,2024,15.1,5940.0,72.8,UMIC
Croatia,2024,3.95,36400.0,79.5,HIC
Haiti,2024,55.7,2600.0,64.9,LMIC
Hungary,2024,3.59,36100.0,77.4,HIC
Indonesia,2024,20.6,13500.0,72.1,UMIC
India,2024,29.6,8010.0,72.1,UMIC
Ireland,2024,2.53,104000.0,82.8,HIC
Iran,2024,11.5,16500.0,78.9,HIC
Iraq,2024,22.8,8680.0,73.9,UMIC
Iceland,2024,1.72,56900.0,84.8,HIC
Israel,2024,3.01,44300.0,83.7,HIC
Italy,2024,2.47,44800.0,83.9,HIC
Jamaica,2024,12.8,10500.0,77.0,UMIC
Jordan,2024,13.8,9720.0,79.0,UMIC
Japan,2024,2.15,43200.0,85.5,HIC
Kazakhstan,2024,8.22,27900.0,72.5,HIC
Kenya,2024,33.8,5210.0,67.7,UMIC
Kyrgyz Republic,2024,15.8,5570.0,74.2,UMIC
Cambodia,2024,22.3,4960.0,70.8,UMIC
Kiribati,2024,43.9,2190.0,61.5,LMIC
St. Kitts and Nevis,2024,10.0,31600.0,72.9,HIC
South Korea,2024,2.65,47200.0,83.5,HIC
Kuwait,2024,6.65,45100.0,82.4,HIC
Lao,2024,38.3,8340.0,70.4,UMIC
Lebanon,2024,6.96,13500.0,77.3,UMIC
Liberia,2024,60.0,1540.0,67.4,LMIC
Libya,2024,10.0,21100.0,77.0,HIC
St. Lucia,2024,14.6,16100.000000000002,76.0,HIC
Sri Lanka,2024,6.19,12600.0,78.3,UMIC
Lesotho,2024,64.8,2320.0,52.6,LMIC
Lithuania,2024,3.47,40400.0,77.0,HIC
Luxembourg,2024,2.1,110000.0,83.7,HIC
Latvia,2024,3.33,33600.0,76.5,HIC
Morocco,2024,17.5,8430.0,74.5,UMIC
Monaco,2024,2.75,222000.0,80.6,HIC
Moldova,2024,13.2,12800.0,75.1,UMIC
Madagascar,2024,40.4,1550.0,66.8,LMIC
Maldives,2024,6.57,23000.0,80.2,HIC
Mexico,2024,11.5,20500.0,76.7,HIC
Marshall Islands,2024,28.7,6250.0,66.2,UMIC
North Macedonia,2024,8.48,18200.0,75.2,HIC
Mali,2024,83.2,2190.0,63.0,LMIC
Malta,2024,5.9,51000.0,83.3,HIC
Myanmar,2024,39.3,4220.0,70.6,LMIC
Montenegro,2024,2.18,24300.0,76.8,HIC
Mongolia,2024,13.0,13400.0,69.4,UMIC
Mozambique,2024,59.1,1300.0,59.8,LMIC
Mauritania,2024,66.8,5690.0,72.0,UMIC
Mauritius,2024,13.2,25600.0,76.2,HIC
Malawi,2024,37.5,1460.0,66.0,LMIC
Malaysia,2024,6.71,29900.0,75.9,HIC
Namibia,2024,31.4,9900.0,66.3,UMIC
Niger,2024,68.7,1340.0,63.8,LMIC
Nigeria,2024,104.0,5030.0,65.8,UMIC
Nicaragua,2024,15.0,6150.0,76.3,UMIC
Netherlands,2024,3.13,58000.0,82.4,HIC
Norway,2024,2.02,67500.0,83.7,HIC
Nepal,2024,25.8,4090.0,72.6,LMIC
Nauru,2024,29.7,11000.0,64.3,UMIC
New Zealand,2024,5.2,44500.0,82.5,HIC
Oman,2024,9.24,34600.0,75.1,HIC
Pakistan,2024,61.7,5270.0,66.6,UMIC
Panama,2024,13.3,35700.0,81.0,HIC
Peru,2024,11.7,12800.0,81.3,UMIC
Philippines,2024,25.0,9370.0,72.4,UMIC
Palau,2024,15.6,15500.0,68.5,HIC
Papua New Guinea,2024,40.6,3910.0,65.5,LMIC
Poland,2024,3.71,39200.0,78.9,HIC
North Korea,2024,14.4,1810.0,73.8,LMIC
Portugal,2024,2.84,36800.0,82.6,HIC
Paraguay,2024,18.2,14400.0,77.2,HIC
Palestine,2024,17.9,5370.0,75.7,UMIC
Qatar,2024,5.88,89700.0,77.2,HIC
Romania,2024,6.22,34100.0,76.3,HIC
Russia,2024,5.81,28200.0,73.8,HIC
Rwanda,2024,26.6,2610.0,69.8,LMIC
Saudi Arabia,2024,5.8,48600.0,75.5,HIC
Sudan,2024,52.5,2860.0,71.1,LMIC
Senegal,2024,34.1,3780.0,70.1,LMIC
Singapore,2024,2.39,106000.0,85.5,HIC
Solomon Islands,2024,17.6,2410.0,59.7,LMIC
Sierra Leone,2024,89.8,1690.0,62.8,LMIC
El Salvador,2024,10.9,9960.0,76.8,UMIC
San Marino,2024,1.79,69500.0,82.9,HIC
Somalia,2024,108.0,1140.0,59.6,LIC
Serbia,2024,4.6,22400.0,76.5,HIC
South Sudan,2024,89.2,363.0,65.1,LIC
Sao Tome and Principe,2024,25.9,3910.0,71.4,LMIC
Suriname,2024,16.3,15400.0,73.4,HIC
Slovak Republic,2024,4.72,34500.0,78.4,HIC
Slovenia,2024,1.95,42200.0,82.3,HIC
Sweden,2024,2.21,54100.0,83.6,HIC
Eswatini,2024,45.5,9430.0,59.3,UMIC
Seychelles,2024,12.8,27800.0,74.6,HIC
Syria,2024,10.7,3170.0,74.7,LMIC
Chad,2024,106.0,1430.0,61.4,LMIC
Togo,2024,59.5,2360.0,66.2,LMIC
Thailand,2024,7.67,18200.0,79.6,HIC
Tajikistan,2024,27.9,4600.0,70.3,UMIC
Turkmenistan,2024,41.3,15800.0,71.5,HIC
Timor-Leste,2024,37.6,3020.0,71.9,LMIC
Tonga,2024,13.4,5960.0,73.7,UMIC
Trinidad and Tobago,2024,16.2,24200.0,75.7,HIC
Tunisia,2024,13.8,10700.0,78.9,UMIC
Turkey,2024,8.41,34900.0,79.5,HIC
Tuvalu,2024,22.3,4880.0,69.0,UMIC
Taiwan,2024,3.92,61400.0,81.3,HIC
Tanzania,2024,42.6,2750.0,68.3,LMIC
Uganda,2024,38.1,2390.0,67.3,LMIC
Ukraine,2024,7.13,10700.0,74.7,UMIC
Uruguay,2024,6.55,25300.0,78.3,HIC
USA,2024,6.48,67300.0,79.7,HIC
Uzbekistan,2024,19.1,8640.0,69.0,UMIC
St. Vincent and the Grenadines,2024,14.2,16600.0,73.8,HIC
Venezuela,2024,22.8,6960.0,76.0,UMIC
Vietnam,2024,18.6,12500.0,75.3,UMIC
Vanuatu,2024,22.0,2770.0,66.4,LMIC
Samoa,2024,13.4,5700.0,71.2,UMIC
Yemen,2024,52.0,1650.0,69.0,LMIC
South Africa,2024,29.1,13300.0,65.8,UMIC
Zambia,2024,48.8,3480.0,64.0,LMIC
Zimbabwe,2024,39.9,2300.0,61.8,LMIC
